Parameter names in the chain:
   0: n_low_float
   1: n_high_float
   2: gpr_z_transition
   3: gpr_reio_step_sharpness
   4: gpr_sigma_f
   5: gpr_l
   6: gpr_z_min
   7: gpr_z_max
   8: z1
   9: z2
  10: z3
  11: z4
  12: z5
  13: z6
  14: z7
  15: z8
  16: z9
  17: z10
  18: z11
  19: z12
  20: z13
  21: z14
  22: z15
  23: z16
  24: z17
  25: z18
  26: z19
  27: z20
  28: xe1
  29: xe2
  30: log_xe3
  31: log_xe4
  32: log_xe5
  33: log_xe6
  34: log_xe7
  35: log_xe8
  36: log_xe9
  37: log_xe10
  38: log_xe11
  39: log_xe12
  40: log_xe13
  41: log_xe14
  42: log_xe15
  43: log_xe16
  44: log_xe17
  45: log_xe18
  46: log_xe19
  47: log_xe20
  48: gpr_n_low
  49: gpr_n_high
  50: tau_reio
  51: chi2__CMB
  52: chi2
  53: chi2__planck_2018_lowl.EE_clik
Processing z_c = 20.0
  Processing sample 1/80000
  Processing sample 51/80000
  Processing sample 101/80000
  Processing sample 151/80000
  Processing sample 201/80000
  Processing sample 251/80000
  Processing sample 301/80000
  Processing sample 351/80000
  Processing sample 401/80000
  Processing sample 451/80000
  Processing sample 501/80000
  Processing sample 551/80000
  Processing sample 601/80000
  Processing sample 651/80000
  Processing sample 701/80000
  Processing sample 751/80000
  Processing sample 801/80000
  Processing sample 851/80000
  Processing sample 901/80000
  Processing sample 951/80000
  Processing sample 1001/80000
  Processing sample 1051/80000
  Processing sample 1101/80000
  Processing sample 1151/80000
  Processing sample 1201/80000
  Processing sample 1251/80000
  Processing sample 1301/80000
  Processing sample 1351/80000
  Processing sample 1401/80000
  Processing sample 1451/80000
  Processing sample 1501/80000
  Processing sample 1551/80000
  Processing sample 1601/80000
  Processing sample 1651/80000
  Processing sample 1701/80000
  Processing sample 1751/80000
  Processing sample 1801/80000
  Processing sample 1851/80000
  Processing sample 1901/80000
  Processing sample 1951/80000
  Processing sample 2001/80000
  Processing sample 2051/80000
  Processing sample 2101/80000
  Processing sample 2151/80000
  Processing sample 2201/80000
  Processing sample 2251/80000
  Processing sample 2301/80000
  Processing sample 2351/80000
  Processing sample 2401/80000
  Processing sample 2451/80000
  Processing sample 2501/80000
  Processing sample 2551/80000
  Processing sample 2601/80000
  Processing sample 2651/80000
  Processing sample 2701/80000
  Processing sample 2751/80000
  Processing sample 2801/80000
  Processing sample 2851/80000
  Processing sample 2901/80000
  Processing sample 2951/80000
  Processing sample 3001/80000
  Processing sample 3051/80000
  Processing sample 3101/80000
  Processing sample 3151/80000
  Processing sample 3201/80000
  Processing sample 3251/80000
  Processing sample 3301/80000
  Processing sample 3351/80000
  Processing sample 3401/80000
  Processing sample 3451/80000
  Processing sample 3501/80000
  Processing sample 3551/80000
  Processing sample 3601/80000
  Processing sample 3651/80000
  Processing sample 3701/80000
  Processing sample 3751/80000
  Processing sample 3801/80000
  Processing sample 3851/80000
  Processing sample 3901/80000
  Processing sample 3951/80000
  Processing sample 4001/80000
  Processing sample 4051/80000
  Processing sample 4101/80000
  Processing sample 4151/80000
  Processing sample 4201/80000
  Processing sample 4251/80000
  Processing sample 4301/80000
  Processing sample 4351/80000
  Processing sample 4401/80000
  Processing sample 4451/80000
  Processing sample 4501/80000
  Processing sample 4551/80000
  Processing sample 4601/80000
  Processing sample 4651/80000
  Processing sample 4701/80000
  Processing sample 4751/80000
  Processing sample 4801/80000
  Processing sample 4851/80000
  Processing sample 4901/80000
  Processing sample 4951/80000
  Processing sample 5001/80000
  Processing sample 5051/80000
  Processing sample 5101/80000
  Processing sample 5151/80000
  Processing sample 5201/80000
  Processing sample 5251/80000
  Processing sample 5301/80000
  Processing sample 5351/80000
  Processing sample 5401/80000
  Processing sample 5451/80000
  Processing sample 5501/80000
  Processing sample 5551/80000
  Processing sample 5601/80000
  Processing sample 5651/80000
  Processing sample 5701/80000
  Processing sample 5751/80000
  Processing sample 5801/80000
  Processing sample 5851/80000
  Processing sample 5901/80000
  Processing sample 5951/80000
  Processing sample 6001/80000
  Processing sample 6051/80000
  Processing sample 6101/80000
  Processing sample 6151/80000
  Processing sample 6201/80000
  Processing sample 6251/80000
  Processing sample 6301/80000
  Processing sample 6351/80000
  Processing sample 6401/80000
  Processing sample 6451/80000
  Processing sample 6501/80000
  Processing sample 6551/80000
  Processing sample 6601/80000
  Processing sample 6651/80000
  Processing sample 6701/80000
  Processing sample 6751/80000
  Processing sample 6801/80000
  Processing sample 6851/80000
  Processing sample 6901/80000
  Processing sample 6951/80000
  Processing sample 7001/80000
  Processing sample 7051/80000
  Processing sample 7101/80000
  Processing sample 7151/80000
  Processing sample 7201/80000
  Processing sample 7251/80000
  Processing sample 7301/80000
  Processing sample 7351/80000
  Processing sample 7401/80000
  Processing sample 7451/80000
  Processing sample 7501/80000
  Processing sample 7551/80000
  Processing sample 7601/80000
  Processing sample 7651/80000
  Processing sample 7701/80000
  Processing sample 7751/80000
  Processing sample 7801/80000
  Processing sample 7851/80000
  Processing sample 7901/80000
  Processing sample 7951/80000
  Processing sample 8001/80000
  Processing sample 8051/80000
  Processing sample 8101/80000
  Processing sample 8151/80000
  Processing sample 8201/80000
  Processing sample 8251/80000
  Processing sample 8301/80000
  Processing sample 8351/80000
  Processing sample 8401/80000
  Processing sample 8451/80000
  Processing sample 8501/80000
  Processing sample 8551/80000
  Processing sample 8601/80000
  Processing sample 8651/80000
  Processing sample 8701/80000
  Processing sample 8751/80000
  Processing sample 8801/80000
  Processing sample 8851/80000
  Processing sample 8901/80000
  Processing sample 8951/80000
  Processing sample 9001/80000
  Processing sample 9051/80000
  Processing sample 9101/80000
  Processing sample 9151/80000
  Processing sample 9201/80000
  Processing sample 9251/80000
  Processing sample 9301/80000
  Processing sample 9351/80000
  Processing sample 9401/80000
  Processing sample 9451/80000
  Processing sample 9501/80000
  Processing sample 9551/80000
  Processing sample 9601/80000
  Processing sample 9651/80000
  Processing sample 9701/80000
  Processing sample 9751/80000
  Processing sample 9801/80000
  Processing sample 9851/80000
  Processing sample 9901/80000
  Processing sample 9951/80000
  Processing sample 10001/80000
  Processing sample 10051/80000
  Processing sample 10101/80000
  Processing sample 10151/80000
  Processing sample 10201/80000
  Processing sample 10251/80000
  Processing sample 10301/80000
  Processing sample 10351/80000
  Processing sample 10401/80000
  Processing sample 10451/80000
  Processing sample 10501/80000
  Processing sample 10551/80000
  Processing sample 10601/80000
  Processing sample 10651/80000
  Processing sample 10701/80000
  Processing sample 10751/80000
  Processing sample 10801/80000
  Processing sample 10851/80000
  Processing sample 10901/80000
  Processing sample 10951/80000
  Processing sample 11001/80000
  Processing sample 11051/80000
  Processing sample 11101/80000
  Processing sample 11151/80000
  Processing sample 11201/80000
  Processing sample 11251/80000
  Processing sample 11301/80000
  Processing sample 11351/80000
  Processing sample 11401/80000
  Processing sample 11451/80000
  Processing sample 11501/80000
  Processing sample 11551/80000
  Processing sample 11601/80000
  Processing sample 11651/80000
  Processing sample 11701/80000
  Processing sample 11751/80000
  Processing sample 11801/80000
  Processing sample 11851/80000
  Processing sample 11901/80000
  Processing sample 11951/80000
  Processing sample 12001/80000
  Processing sample 12051/80000
  Processing sample 12101/80000
  Processing sample 12151/80000
  Processing sample 12201/80000
  Processing sample 12251/80000
  Processing sample 12301/80000
  Processing sample 12351/80000
  Processing sample 12401/80000
  Processing sample 12451/80000
  Processing sample 12501/80000
  Processing sample 12551/80000
  Processing sample 12601/80000
  Processing sample 12651/80000
  Processing sample 12701/80000
  Processing sample 12751/80000
  Processing sample 12801/80000
  Processing sample 12851/80000
  Processing sample 12901/80000
  Processing sample 12951/80000
  Processing sample 13001/80000
  Processing sample 13051/80000
  Processing sample 13101/80000
  Processing sample 13151/80000
  Processing sample 13201/80000
  Processing sample 13251/80000
  Processing sample 13301/80000
  Processing sample 13351/80000
  Processing sample 13401/80000
  Processing sample 13451/80000
  Processing sample 13501/80000
  Processing sample 13551/80000
  Processing sample 13601/80000
  Processing sample 13651/80000
  Processing sample 13701/80000
  Processing sample 13751/80000
  Processing sample 13801/80000
  Processing sample 13851/80000
  Processing sample 13901/80000
  Processing sample 13951/80000
  Processing sample 14001/80000
  Processing sample 14051/80000
  Processing sample 14101/80000
  Processing sample 14151/80000
  Processing sample 14201/80000
  Processing sample 14251/80000
  Processing sample 14301/80000
  Processing sample 14351/80000
  Processing sample 14401/80000
  Processing sample 14451/80000
  Processing sample 14501/80000
  Processing sample 14551/80000
  Processing sample 14601/80000
  Processing sample 14651/80000
  Processing sample 14701/80000
  Processing sample 14751/80000
  Processing sample 14801/80000
  Processing sample 14851/80000
  Processing sample 14901/80000
  Processing sample 14951/80000
  Processing sample 15001/80000
  Processing sample 15051/80000
  Processing sample 15101/80000
  Processing sample 15151/80000
  Processing sample 15201/80000
  Processing sample 15251/80000
  Processing sample 15301/80000
  Processing sample 15351/80000
  Processing sample 15401/80000
  Processing sample 15451/80000
  Processing sample 15501/80000
  Processing sample 15551/80000
  Processing sample 15601/80000
  Processing sample 15651/80000
  Processing sample 15701/80000
  Processing sample 15751/80000
  Processing sample 15801/80000
  Processing sample 15851/80000
  Processing sample 15901/80000
  Processing sample 15951/80000
  Processing sample 16001/80000
  Processing sample 16051/80000
  Processing sample 16101/80000
  Processing sample 16151/80000
  Processing sample 16201/80000
  Processing sample 16251/80000
  Processing sample 16301/80000
  Processing sample 16351/80000
  Processing sample 16401/80000
  Processing sample 16451/80000
  Processing sample 16501/80000
  Processing sample 16551/80000
  Processing sample 16601/80000
  Processing sample 16651/80000
  Processing sample 16701/80000
  Processing sample 16751/80000
  Processing sample 16801/80000
  Processing sample 16851/80000
  Processing sample 16901/80000
  Processing sample 16951/80000
  Processing sample 17001/80000
  Processing sample 17051/80000
  Processing sample 17101/80000
  Processing sample 17151/80000
  Processing sample 17201/80000
  Processing sample 17251/80000
  Processing sample 17301/80000
  Processing sample 17351/80000
  Processing sample 17401/80000
  Processing sample 17451/80000
  Processing sample 17501/80000
  Processing sample 17551/80000
  Processing sample 17601/80000
  Processing sample 17651/80000
  Processing sample 17701/80000
  Processing sample 17751/80000
  Processing sample 17801/80000
  Processing sample 17851/80000
  Processing sample 17901/80000
  Processing sample 17951/80000
  Processing sample 18001/80000
  Processing sample 18051/80000
  Processing sample 18101/80000
  Processing sample 18151/80000
  Processing sample 18201/80000
  Processing sample 18251/80000
  Processing sample 18301/80000
  Processing sample 18351/80000
  Processing sample 18401/80000
  Processing sample 18451/80000
  Processing sample 18501/80000
  Processing sample 18551/80000
  Processing sample 18601/80000
  Processing sample 18651/80000
  Processing sample 18701/80000
  Processing sample 18751/80000
  Processing sample 18801/80000
  Processing sample 18851/80000
  Processing sample 18901/80000
  Processing sample 18951/80000
  Processing sample 19001/80000
  Processing sample 19051/80000
  Processing sample 19101/80000
  Processing sample 19151/80000
  Processing sample 19201/80000
  Processing sample 19251/80000
  Processing sample 19301/80000
  Processing sample 19351/80000
  Processing sample 19401/80000
  Processing sample 19451/80000
  Processing sample 19501/80000
  Processing sample 19551/80000
  Processing sample 19601/80000
  Processing sample 19651/80000
  Processing sample 19701/80000
  Processing sample 19751/80000
  Processing sample 19801/80000
  Processing sample 19851/80000
  Processing sample 19901/80000
  Processing sample 19951/80000
  Processing sample 20001/80000
  Processing sample 20051/80000
  Processing sample 20101/80000
  Processing sample 20151/80000
  Processing sample 20201/80000
  Processing sample 20251/80000
  Processing sample 20301/80000
  Processing sample 20351/80000
  Processing sample 20401/80000
  Processing sample 20451/80000
  Processing sample 20501/80000
  Processing sample 20551/80000
  Processing sample 20601/80000
  Processing sample 20651/80000
  Processing sample 20701/80000
  Processing sample 20751/80000
  Processing sample 20801/80000
  Processing sample 20851/80000
  Processing sample 20901/80000
  Processing sample 20951/80000
  Processing sample 21001/80000
  Processing sample 21051/80000
  Processing sample 21101/80000
  Processing sample 21151/80000
  Processing sample 21201/80000
  Processing sample 21251/80000
  Processing sample 21301/80000
  Processing sample 21351/80000
  Processing sample 21401/80000
  Processing sample 21451/80000
  Processing sample 21501/80000
  Processing sample 21551/80000
  Processing sample 21601/80000
  Processing sample 21651/80000
  Processing sample 21701/80000
  Processing sample 21751/80000
  Processing sample 21801/80000
  Processing sample 21851/80000
  Processing sample 21901/80000
  Processing sample 21951/80000
  Processing sample 22001/80000
  Processing sample 22051/80000
  Processing sample 22101/80000
  Processing sample 22151/80000
  Processing sample 22201/80000
  Processing sample 22251/80000
  Processing sample 22301/80000
  Processing sample 22351/80000
  Processing sample 22401/80000
  Processing sample 22451/80000
  Processing sample 22501/80000
  Processing sample 22551/80000
  Processing sample 22601/80000
  Processing sample 22651/80000
  Processing sample 22701/80000
  Processing sample 22751/80000
  Processing sample 22801/80000
  Processing sample 22851/80000
  Processing sample 22901/80000
  Processing sample 22951/80000
  Processing sample 23001/80000
  Processing sample 23051/80000
  Processing sample 23101/80000
  Processing sample 23151/80000
  Processing sample 23201/80000
  Processing sample 23251/80000
  Processing sample 23301/80000
  Processing sample 23351/80000
  Processing sample 23401/80000
  Processing sample 23451/80000
  Processing sample 23501/80000
  Processing sample 23551/80000
  Processing sample 23601/80000
  Processing sample 23651/80000
  Processing sample 23701/80000
  Processing sample 23751/80000
  Processing sample 23801/80000
  Processing sample 23851/80000
  Processing sample 23901/80000
  Processing sample 23951/80000
  Processing sample 24001/80000
  Processing sample 24051/80000
  Processing sample 24101/80000
  Processing sample 24151/80000
  Processing sample 24201/80000
  Processing sample 24251/80000
  Processing sample 24301/80000
  Processing sample 24351/80000
  Processing sample 24401/80000
  Processing sample 24451/80000
  Processing sample 24501/80000
  Processing sample 24551/80000
  Processing sample 24601/80000
  Processing sample 24651/80000
  Processing sample 24701/80000
  Processing sample 24751/80000
  Processing sample 24801/80000
  Processing sample 24851/80000
  Processing sample 24901/80000
  Processing sample 24951/80000
  Processing sample 25001/80000
  Processing sample 25051/80000
  Processing sample 25101/80000
  Processing sample 25151/80000
  Processing sample 25201/80000
  Processing sample 25251/80000
  Processing sample 25301/80000
  Processing sample 25351/80000
  Processing sample 25401/80000
  Processing sample 25451/80000
  Processing sample 25501/80000
  Processing sample 25551/80000
  Processing sample 25601/80000
  Processing sample 25651/80000
  Processing sample 25701/80000
  Processing sample 25751/80000
  Processing sample 25801/80000
  Processing sample 25851/80000
  Processing sample 25901/80000
  Processing sample 25951/80000
  Processing sample 26001/80000
  Processing sample 26051/80000
  Processing sample 26101/80000
  Processing sample 26151/80000
  Processing sample 26201/80000
  Processing sample 26251/80000
  Processing sample 26301/80000
  Processing sample 26351/80000
  Processing sample 26401/80000
  Processing sample 26451/80000
  Processing sample 26501/80000
  Processing sample 26551/80000
  Processing sample 26601/80000
  Processing sample 26651/80000
  Processing sample 26701/80000
  Processing sample 26751/80000
  Processing sample 26801/80000
  Processing sample 26851/80000
  Processing sample 26901/80000
  Processing sample 26951/80000
  Processing sample 27001/80000
  Processing sample 27051/80000
  Processing sample 27101/80000
  Processing sample 27151/80000
  Processing sample 27201/80000
  Processing sample 27251/80000
  Processing sample 27301/80000
  Processing sample 27351/80000
  Processing sample 27401/80000
  Processing sample 27451/80000
  Processing sample 27501/80000
  Processing sample 27551/80000
  Processing sample 27601/80000
  Processing sample 27651/80000
  Processing sample 27701/80000
  Processing sample 27751/80000
  Processing sample 27801/80000
  Processing sample 27851/80000
  Processing sample 27901/80000
  Processing sample 27951/80000
  Processing sample 28001/80000
  Processing sample 28051/80000
  Processing sample 28101/80000
  Processing sample 28151/80000
  Processing sample 28201/80000
  Processing sample 28251/80000
  Processing sample 28301/80000
  Processing sample 28351/80000
  Processing sample 28401/80000
  Processing sample 28451/80000
  Processing sample 28501/80000
  Processing sample 28551/80000
  Processing sample 28601/80000
  Processing sample 28651/80000
  Processing sample 28701/80000
  Processing sample 28751/80000
  Processing sample 28801/80000
  Processing sample 28851/80000
  Processing sample 28901/80000
  Processing sample 28951/80000
  Processing sample 29001/80000
  Processing sample 29051/80000
  Processing sample 29101/80000
  Processing sample 29151/80000
  Processing sample 29201/80000
  Processing sample 29251/80000
  Processing sample 29301/80000
  Processing sample 29351/80000
  Processing sample 29401/80000
  Processing sample 29451/80000
  Processing sample 29501/80000
  Processing sample 29551/80000
  Processing sample 29601/80000
  Processing sample 29651/80000
  Processing sample 29701/80000
  Processing sample 29751/80000
  Processing sample 29801/80000
  Processing sample 29851/80000
  Processing sample 29901/80000
  Processing sample 29951/80000
  Processing sample 30001/80000
  Processing sample 30051/80000
  Processing sample 30101/80000
  Processing sample 30151/80000
  Processing sample 30201/80000
  Processing sample 30251/80000
  Processing sample 30301/80000
  Processing sample 30351/80000
  Processing sample 30401/80000
  Processing sample 30451/80000
  Processing sample 30501/80000
  Processing sample 30551/80000
  Processing sample 30601/80000
  Processing sample 30651/80000
  Processing sample 30701/80000
  Processing sample 30751/80000
  Processing sample 30801/80000
  Processing sample 30851/80000
  Processing sample 30901/80000
  Processing sample 30951/80000
  Processing sample 31001/80000
  Processing sample 31051/80000
  Processing sample 31101/80000
  Processing sample 31151/80000
  Processing sample 31201/80000
  Processing sample 31251/80000
  Processing sample 31301/80000
  Processing sample 31351/80000
  Processing sample 31401/80000
  Processing sample 31451/80000
  Processing sample 31501/80000
  Processing sample 31551/80000
  Processing sample 31601/80000
  Processing sample 31651/80000
  Processing sample 31701/80000
  Processing sample 31751/80000
  Processing sample 31801/80000
  Processing sample 31851/80000
  Processing sample 31901/80000
  Processing sample 31951/80000
  Processing sample 32001/80000
  Processing sample 32051/80000
  Processing sample 32101/80000
  Processing sample 32151/80000
  Processing sample 32201/80000
  Processing sample 32251/80000
  Processing sample 32301/80000
  Processing sample 32351/80000
  Processing sample 32401/80000
  Processing sample 32451/80000
  Processing sample 32501/80000
  Processing sample 32551/80000
  Processing sample 32601/80000
  Processing sample 32651/80000
  Processing sample 32701/80000
  Processing sample 32751/80000
  Processing sample 32801/80000
  Processing sample 32851/80000
  Processing sample 32901/80000
  Processing sample 32951/80000
  Processing sample 33001/80000
  Processing sample 33051/80000
  Processing sample 33101/80000
  Processing sample 33151/80000
  Processing sample 33201/80000
  Processing sample 33251/80000
  Processing sample 33301/80000
  Processing sample 33351/80000
  Processing sample 33401/80000
  Processing sample 33451/80000
  Processing sample 33501/80000
  Processing sample 33551/80000
  Processing sample 33601/80000
  Processing sample 33651/80000
  Processing sample 33701/80000
  Processing sample 33751/80000
  Processing sample 33801/80000
  Processing sample 33851/80000
  Processing sample 33901/80000
  Processing sample 33951/80000
  Processing sample 34001/80000
  Processing sample 34051/80000
  Processing sample 34101/80000
  Processing sample 34151/80000
  Processing sample 34201/80000
  Processing sample 34251/80000
  Processing sample 34301/80000
  Processing sample 34351/80000
  Processing sample 34401/80000
  Processing sample 34451/80000
  Processing sample 34501/80000
  Processing sample 34551/80000
  Processing sample 34601/80000
  Processing sample 34651/80000
  Processing sample 34701/80000
  Processing sample 34751/80000
  Processing sample 34801/80000
  Processing sample 34851/80000
  Processing sample 34901/80000
  Processing sample 34951/80000
  Processing sample 35001/80000
  Processing sample 35051/80000
  Processing sample 35101/80000
  Processing sample 35151/80000
  Processing sample 35201/80000
  Processing sample 35251/80000
  Processing sample 35301/80000
  Processing sample 35351/80000
  Processing sample 35401/80000
  Processing sample 35451/80000
  Processing sample 35501/80000
  Processing sample 35551/80000
  Processing sample 35601/80000
  Processing sample 35651/80000
  Processing sample 35701/80000
  Processing sample 35751/80000
  Processing sample 35801/80000
  Processing sample 35851/80000
  Processing sample 35901/80000
  Processing sample 35951/80000
  Processing sample 36001/80000
  Processing sample 36051/80000
  Processing sample 36101/80000
  Processing sample 36151/80000
  Processing sample 36201/80000
  Processing sample 36251/80000
  Processing sample 36301/80000
  Processing sample 36351/80000
  Processing sample 36401/80000
  Processing sample 36451/80000
  Processing sample 36501/80000
  Processing sample 36551/80000
  Processing sample 36601/80000
  Processing sample 36651/80000
  Processing sample 36701/80000
  Processing sample 36751/80000
  Processing sample 36801/80000
  Processing sample 36851/80000
  Processing sample 36901/80000
  Processing sample 36951/80000
  Processing sample 37001/80000
  Processing sample 37051/80000
  Processing sample 37101/80000
  Processing sample 37151/80000
  Processing sample 37201/80000
  Processing sample 37251/80000
  Processing sample 37301/80000
  Processing sample 37351/80000
  Processing sample 37401/80000
  Processing sample 37451/80000
  Processing sample 37501/80000
  Processing sample 37551/80000
  Processing sample 37601/80000
  Processing sample 37651/80000
  Processing sample 37701/80000
  Processing sample 37751/80000
  Processing sample 37801/80000
  Processing sample 37851/80000
  Processing sample 37901/80000
  Processing sample 37951/80000
  Processing sample 38001/80000
  Processing sample 38051/80000
  Processing sample 38101/80000
  Processing sample 38151/80000
  Processing sample 38201/80000
  Processing sample 38251/80000
  Processing sample 38301/80000
  Processing sample 38351/80000
  Processing sample 38401/80000
  Processing sample 38451/80000
  Processing sample 38501/80000
  Processing sample 38551/80000
  Processing sample 38601/80000
  Processing sample 38651/80000
  Processing sample 38701/80000
  Processing sample 38751/80000
  Processing sample 38801/80000
  Processing sample 38851/80000
  Processing sample 38901/80000
  Processing sample 38951/80000
  Processing sample 39001/80000
  Processing sample 39051/80000
  Processing sample 39101/80000
  Processing sample 39151/80000
  Processing sample 39201/80000
  Processing sample 39251/80000
  Processing sample 39301/80000
  Processing sample 39351/80000
  Processing sample 39401/80000
  Processing sample 39451/80000
  Processing sample 39501/80000
  Processing sample 39551/80000
  Processing sample 39601/80000
  Processing sample 39651/80000
  Processing sample 39701/80000
  Processing sample 39751/80000
  Processing sample 39801/80000
  Processing sample 39851/80000
  Processing sample 39901/80000
  Processing sample 39951/80000
  Processing sample 40001/80000
  Processing sample 40051/80000
  Processing sample 40101/80000
  Processing sample 40151/80000
  Processing sample 40201/80000
  Processing sample 40251/80000
  Processing sample 40301/80000
  Processing sample 40351/80000
  Processing sample 40401/80000
  Processing sample 40451/80000
  Processing sample 40501/80000
  Processing sample 40551/80000
  Processing sample 40601/80000
  Processing sample 40651/80000
  Processing sample 40701/80000
  Processing sample 40751/80000
  Processing sample 40801/80000
  Processing sample 40851/80000
  Processing sample 40901/80000
  Processing sample 40951/80000
  Processing sample 41001/80000
  Processing sample 41051/80000
  Processing sample 41101/80000
  Processing sample 41151/80000
  Processing sample 41201/80000
  Processing sample 41251/80000
  Processing sample 41301/80000
  Processing sample 41351/80000
  Processing sample 41401/80000
  Processing sample 41451/80000
  Processing sample 41501/80000
  Processing sample 41551/80000
  Processing sample 41601/80000
  Processing sample 41651/80000
  Processing sample 41701/80000
  Processing sample 41751/80000
  Processing sample 41801/80000
  Processing sample 41851/80000
  Processing sample 41901/80000
  Processing sample 41951/80000
  Processing sample 42001/80000
  Processing sample 42051/80000
  Processing sample 42101/80000
  Processing sample 42151/80000
  Processing sample 42201/80000
  Processing sample 42251/80000
  Processing sample 42301/80000
  Processing sample 42351/80000
  Processing sample 42401/80000
  Processing sample 42451/80000
  Processing sample 42501/80000
  Processing sample 42551/80000
  Processing sample 42601/80000
  Processing sample 42651/80000
  Processing sample 42701/80000
  Processing sample 42751/80000
  Processing sample 42801/80000
  Processing sample 42851/80000
  Processing sample 42901/80000
  Processing sample 42951/80000
  Processing sample 43001/80000
  Processing sample 43051/80000
  Processing sample 43101/80000
  Processing sample 43151/80000
  Processing sample 43201/80000
  Processing sample 43251/80000
  Processing sample 43301/80000
  Processing sample 43351/80000
  Processing sample 43401/80000
  Processing sample 43451/80000
  Processing sample 43501/80000
  Processing sample 43551/80000
  Processing sample 43601/80000
  Processing sample 43651/80000
  Processing sample 43701/80000
  Processing sample 43751/80000
  Processing sample 43801/80000
  Processing sample 43851/80000
  Processing sample 43901/80000
  Processing sample 43951/80000
  Processing sample 44001/80000
  Processing sample 44051/80000
  Processing sample 44101/80000
  Processing sample 44151/80000
  Processing sample 44201/80000
  Processing sample 44251/80000
  Processing sample 44301/80000
  Processing sample 44351/80000
  Processing sample 44401/80000
  Processing sample 44451/80000
  Processing sample 44501/80000
  Processing sample 44551/80000
  Processing sample 44601/80000
  Processing sample 44651/80000
  Processing sample 44701/80000
  Processing sample 44751/80000
  Processing sample 44801/80000
  Processing sample 44851/80000
  Processing sample 44901/80000
  Processing sample 44951/80000
  Processing sample 45001/80000
  Processing sample 45051/80000
  Processing sample 45101/80000
  Processing sample 45151/80000
  Processing sample 45201/80000
  Processing sample 45251/80000
  Processing sample 45301/80000
  Processing sample 45351/80000
  Processing sample 45401/80000
  Processing sample 45451/80000
  Processing sample 45501/80000
  Processing sample 45551/80000
  Processing sample 45601/80000
  Processing sample 45651/80000
  Processing sample 45701/80000
  Processing sample 45751/80000
  Processing sample 45801/80000
  Processing sample 45851/80000
  Processing sample 45901/80000
  Processing sample 45951/80000
  Processing sample 46001/80000
  Processing sample 46051/80000
  Processing sample 46101/80000
  Processing sample 46151/80000
  Processing sample 46201/80000
  Processing sample 46251/80000
  Processing sample 46301/80000
  Processing sample 46351/80000
  Processing sample 46401/80000
  Processing sample 46451/80000
  Processing sample 46501/80000
  Processing sample 46551/80000
  Processing sample 46601/80000
  Processing sample 46651/80000
  Processing sample 46701/80000
  Processing sample 46751/80000
  Processing sample 46801/80000
  Processing sample 46851/80000
  Processing sample 46901/80000
  Processing sample 46951/80000
  Processing sample 47001/80000
  Processing sample 47051/80000
  Processing sample 47101/80000
  Processing sample 47151/80000
  Processing sample 47201/80000
  Processing sample 47251/80000
  Processing sample 47301/80000
  Processing sample 47351/80000
  Processing sample 47401/80000
  Processing sample 47451/80000
  Processing sample 47501/80000
  Processing sample 47551/80000
  Processing sample 47601/80000
  Processing sample 47651/80000
  Processing sample 47701/80000
  Processing sample 47751/80000
  Processing sample 47801/80000
  Processing sample 47851/80000
  Processing sample 47901/80000
  Processing sample 47951/80000
  Processing sample 48001/80000
  Processing sample 48051/80000
  Processing sample 48101/80000
  Processing sample 48151/80000
  Processing sample 48201/80000
  Processing sample 48251/80000
  Processing sample 48301/80000
  Processing sample 48351/80000
  Processing sample 48401/80000
  Processing sample 48451/80000
  Processing sample 48501/80000
  Processing sample 48551/80000
  Processing sample 48601/80000
  Processing sample 48651/80000
  Processing sample 48701/80000
  Processing sample 48751/80000
  Processing sample 48801/80000
  Processing sample 48851/80000
  Processing sample 48901/80000
  Processing sample 48951/80000
  Processing sample 49001/80000
  Processing sample 49051/80000
  Processing sample 49101/80000
  Processing sample 49151/80000
  Processing sample 49201/80000
  Processing sample 49251/80000
  Processing sample 49301/80000
  Processing sample 49351/80000
  Processing sample 49401/80000
  Processing sample 49451/80000
  Processing sample 49501/80000
  Processing sample 49551/80000
  Processing sample 49601/80000
  Processing sample 49651/80000
  Processing sample 49701/80000
  Processing sample 49751/80000
  Processing sample 49801/80000
  Processing sample 49851/80000
  Processing sample 49901/80000
  Processing sample 49951/80000
  Processing sample 50001/80000
  Processing sample 50051/80000
  Processing sample 50101/80000
  Processing sample 50151/80000
  Processing sample 50201/80000
  Processing sample 50251/80000
  Processing sample 50301/80000
  Processing sample 50351/80000
  Processing sample 50401/80000
  Processing sample 50451/80000
  Processing sample 50501/80000
  Processing sample 50551/80000
  Processing sample 50601/80000
  Processing sample 50651/80000
  Processing sample 50701/80000
  Processing sample 50751/80000
  Processing sample 50801/80000
  Processing sample 50851/80000
  Processing sample 50901/80000
  Processing sample 50951/80000
  Processing sample 51001/80000
  Processing sample 51051/80000
  Processing sample 51101/80000
  Processing sample 51151/80000
  Processing sample 51201/80000
  Processing sample 51251/80000
  Processing sample 51301/80000
  Processing sample 51351/80000
  Processing sample 51401/80000
  Processing sample 51451/80000
  Processing sample 51501/80000
  Processing sample 51551/80000
  Processing sample 51601/80000
  Processing sample 51651/80000
  Processing sample 51701/80000
  Processing sample 51751/80000
  Processing sample 51801/80000
  Processing sample 51851/80000
  Processing sample 51901/80000
  Processing sample 51951/80000
  Processing sample 52001/80000
  Processing sample 52051/80000
  Processing sample 52101/80000
  Processing sample 52151/80000
  Processing sample 52201/80000
  Processing sample 52251/80000
  Processing sample 52301/80000
  Processing sample 52351/80000
  Processing sample 52401/80000
  Processing sample 52451/80000
  Processing sample 52501/80000
  Processing sample 52551/80000
  Processing sample 52601/80000
  Processing sample 52651/80000
  Processing sample 52701/80000
  Processing sample 52751/80000
  Processing sample 52801/80000
  Processing sample 52851/80000
  Processing sample 52901/80000
  Processing sample 52951/80000
  Processing sample 53001/80000
  Processing sample 53051/80000
  Processing sample 53101/80000
  Processing sample 53151/80000
  Processing sample 53201/80000
  Processing sample 53251/80000
  Processing sample 53301/80000
  Processing sample 53351/80000
  Processing sample 53401/80000
  Processing sample 53451/80000
  Processing sample 53501/80000
  Processing sample 53551/80000
  Processing sample 53601/80000
  Processing sample 53651/80000
  Processing sample 53701/80000
  Processing sample 53751/80000
  Processing sample 53801/80000
  Processing sample 53851/80000
  Processing sample 53901/80000
  Processing sample 53951/80000
  Processing sample 54001/80000
  Processing sample 54051/80000
  Processing sample 54101/80000
  Processing sample 54151/80000
  Processing sample 54201/80000
  Processing sample 54251/80000
  Processing sample 54301/80000
  Processing sample 54351/80000
  Processing sample 54401/80000
  Processing sample 54451/80000
  Processing sample 54501/80000
  Processing sample 54551/80000
  Processing sample 54601/80000
  Processing sample 54651/80000
  Processing sample 54701/80000
  Processing sample 54751/80000
  Processing sample 54801/80000
  Processing sample 54851/80000
  Processing sample 54901/80000
  Processing sample 54951/80000
  Processing sample 55001/80000
  Processing sample 55051/80000
  Processing sample 55101/80000
  Processing sample 55151/80000
  Processing sample 55201/80000
  Processing sample 55251/80000
  Processing sample 55301/80000
  Processing sample 55351/80000
  Processing sample 55401/80000
  Processing sample 55451/80000
  Processing sample 55501/80000
  Processing sample 55551/80000
  Processing sample 55601/80000
  Processing sample 55651/80000
  Processing sample 55701/80000
  Processing sample 55751/80000
  Processing sample 55801/80000
  Processing sample 55851/80000
  Processing sample 55901/80000
  Processing sample 55951/80000
  Processing sample 56001/80000
  Processing sample 56051/80000
  Processing sample 56101/80000
  Processing sample 56151/80000
  Processing sample 56201/80000
  Processing sample 56251/80000
  Processing sample 56301/80000
  Processing sample 56351/80000
  Processing sample 56401/80000
  Processing sample 56451/80000
  Processing sample 56501/80000
  Processing sample 56551/80000
  Processing sample 56601/80000
  Processing sample 56651/80000
  Processing sample 56701/80000
  Processing sample 56751/80000
  Processing sample 56801/80000
  Processing sample 56851/80000
  Processing sample 56901/80000
  Processing sample 56951/80000
  Processing sample 57001/80000
  Processing sample 57051/80000
  Processing sample 57101/80000
  Processing sample 57151/80000
  Processing sample 57201/80000
  Processing sample 57251/80000
  Processing sample 57301/80000
  Processing sample 57351/80000
  Processing sample 57401/80000
  Processing sample 57451/80000
  Processing sample 57501/80000
  Processing sample 57551/80000
  Processing sample 57601/80000
  Processing sample 57651/80000
  Processing sample 57701/80000
  Processing sample 57751/80000
  Processing sample 57801/80000
  Processing sample 57851/80000
  Processing sample 57901/80000
  Processing sample 57951/80000
  Processing sample 58001/80000
  Processing sample 58051/80000
  Processing sample 58101/80000
  Processing sample 58151/80000
  Processing sample 58201/80000
  Processing sample 58251/80000
  Processing sample 58301/80000
  Processing sample 58351/80000
  Processing sample 58401/80000
  Processing sample 58451/80000
  Processing sample 58501/80000
  Processing sample 58551/80000
  Processing sample 58601/80000
  Processing sample 58651/80000
  Processing sample 58701/80000
  Processing sample 58751/80000
  Processing sample 58801/80000
  Processing sample 58851/80000
  Processing sample 58901/80000
  Processing sample 58951/80000
  Processing sample 59001/80000
  Processing sample 59051/80000
  Processing sample 59101/80000
  Processing sample 59151/80000
  Processing sample 59201/80000
  Processing sample 59251/80000
  Processing sample 59301/80000
  Processing sample 59351/80000
  Processing sample 59401/80000
  Processing sample 59451/80000
  Processing sample 59501/80000
  Processing sample 59551/80000
  Processing sample 59601/80000
  Processing sample 59651/80000
  Processing sample 59701/80000
  Processing sample 59751/80000
  Processing sample 59801/80000
  Processing sample 59851/80000
  Processing sample 59901/80000
  Processing sample 59951/80000
  Processing sample 60001/80000
  Processing sample 60051/80000
  Processing sample 60101/80000
  Processing sample 60151/80000
  Processing sample 60201/80000
  Processing sample 60251/80000
  Processing sample 60301/80000
  Processing sample 60351/80000
  Processing sample 60401/80000
  Processing sample 60451/80000
  Processing sample 60501/80000
  Processing sample 60551/80000
  Processing sample 60601/80000
  Processing sample 60651/80000
  Processing sample 60701/80000
  Processing sample 60751/80000
  Processing sample 60801/80000
  Processing sample 60851/80000
  Processing sample 60901/80000
  Processing sample 60951/80000
  Processing sample 61001/80000
  Processing sample 61051/80000
  Processing sample 61101/80000
  Processing sample 61151/80000
  Processing sample 61201/80000
  Processing sample 61251/80000
  Processing sample 61301/80000
  Processing sample 61351/80000
  Processing sample 61401/80000
  Processing sample 61451/80000
  Processing sample 61501/80000
  Processing sample 61551/80000
  Processing sample 61601/80000
  Processing sample 61651/80000
  Processing sample 61701/80000
  Processing sample 61751/80000
  Processing sample 61801/80000
  Processing sample 61851/80000
  Processing sample 61901/80000
  Processing sample 61951/80000
  Processing sample 62001/80000
  Processing sample 62051/80000
  Processing sample 62101/80000
  Processing sample 62151/80000
  Processing sample 62201/80000
  Processing sample 62251/80000
  Processing sample 62301/80000
  Processing sample 62351/80000
  Processing sample 62401/80000
  Processing sample 62451/80000
  Processing sample 62501/80000
  Processing sample 62551/80000
  Processing sample 62601/80000
  Processing sample 62651/80000
  Processing sample 62701/80000
  Processing sample 62751/80000
  Processing sample 62801/80000
  Processing sample 62851/80000
  Processing sample 62901/80000
  Processing sample 62951/80000
  Processing sample 63001/80000
  Processing sample 63051/80000
  Processing sample 63101/80000
  Processing sample 63151/80000
  Processing sample 63201/80000
  Processing sample 63251/80000
  Processing sample 63301/80000
  Processing sample 63351/80000
  Processing sample 63401/80000
  Processing sample 63451/80000
  Processing sample 63501/80000
  Processing sample 63551/80000
  Processing sample 63601/80000
  Processing sample 63651/80000
  Processing sample 63701/80000
  Processing sample 63751/80000
  Processing sample 63801/80000
  Processing sample 63851/80000
  Processing sample 63901/80000
  Processing sample 63951/80000
  Processing sample 64001/80000
  Processing sample 64051/80000
  Processing sample 64101/80000
  Processing sample 64151/80000
  Processing sample 64201/80000
  Processing sample 64251/80000
  Processing sample 64301/80000
  Processing sample 64351/80000
  Processing sample 64401/80000
  Processing sample 64451/80000
  Processing sample 64501/80000
  Processing sample 64551/80000
  Processing sample 64601/80000
  Processing sample 64651/80000
  Processing sample 64701/80000
  Processing sample 64751/80000
  Processing sample 64801/80000
  Processing sample 64851/80000
  Processing sample 64901/80000
  Processing sample 64951/80000
  Processing sample 65001/80000
  Processing sample 65051/80000
  Processing sample 65101/80000
  Processing sample 65151/80000
  Processing sample 65201/80000
  Processing sample 65251/80000
  Processing sample 65301/80000
  Processing sample 65351/80000
  Processing sample 65401/80000
  Processing sample 65451/80000
  Processing sample 65501/80000
  Processing sample 65551/80000
  Processing sample 65601/80000
  Processing sample 65651/80000
  Processing sample 65701/80000
  Processing sample 65751/80000
  Processing sample 65801/80000
  Processing sample 65851/80000
  Processing sample 65901/80000
  Processing sample 65951/80000
  Processing sample 66001/80000
  Processing sample 66051/80000
  Processing sample 66101/80000
  Processing sample 66151/80000
  Processing sample 66201/80000
  Processing sample 66251/80000
  Processing sample 66301/80000
  Processing sample 66351/80000
  Processing sample 66401/80000
  Processing sample 66451/80000
  Processing sample 66501/80000
  Processing sample 66551/80000
  Processing sample 66601/80000
  Processing sample 66651/80000
  Processing sample 66701/80000
  Processing sample 66751/80000
  Processing sample 66801/80000
  Processing sample 66851/80000
  Processing sample 66901/80000
  Processing sample 66951/80000
  Processing sample 67001/80000
  Processing sample 67051/80000
  Processing sample 67101/80000
  Processing sample 67151/80000
  Processing sample 67201/80000
  Processing sample 67251/80000
  Processing sample 67301/80000
  Processing sample 67351/80000
  Processing sample 67401/80000
  Processing sample 67451/80000
  Processing sample 67501/80000
  Processing sample 67551/80000
  Processing sample 67601/80000
  Processing sample 67651/80000
  Processing sample 67701/80000
  Processing sample 67751/80000
  Processing sample 67801/80000
  Processing sample 67851/80000
  Processing sample 67901/80000
  Processing sample 67951/80000
  Processing sample 68001/80000
  Processing sample 68051/80000
  Processing sample 68101/80000
  Processing sample 68151/80000
  Processing sample 68201/80000
  Processing sample 68251/80000
  Processing sample 68301/80000
  Processing sample 68351/80000
  Processing sample 68401/80000
  Processing sample 68451/80000
  Processing sample 68501/80000
  Processing sample 68551/80000
  Processing sample 68601/80000
  Processing sample 68651/80000
  Processing sample 68701/80000
  Processing sample 68751/80000
  Processing sample 68801/80000
  Processing sample 68851/80000
  Processing sample 68901/80000
  Processing sample 68951/80000
  Processing sample 69001/80000
  Processing sample 69051/80000
  Processing sample 69101/80000
  Processing sample 69151/80000
  Processing sample 69201/80000
  Processing sample 69251/80000
  Processing sample 69301/80000
  Processing sample 69351/80000
  Processing sample 69401/80000
  Processing sample 69451/80000
  Processing sample 69501/80000
  Processing sample 69551/80000
  Processing sample 69601/80000
  Processing sample 69651/80000
  Processing sample 69701/80000
  Processing sample 69751/80000
  Processing sample 69801/80000
  Processing sample 69851/80000
  Processing sample 69901/80000
  Processing sample 69951/80000
  Processing sample 70001/80000
  Processing sample 70051/80000
  Processing sample 70101/80000
  Processing sample 70151/80000
  Processing sample 70201/80000
  Processing sample 70251/80000
  Processing sample 70301/80000
  Processing sample 70351/80000
  Processing sample 70401/80000
  Processing sample 70451/80000
  Processing sample 70501/80000
  Processing sample 70551/80000
  Processing sample 70601/80000
  Processing sample 70651/80000
  Processing sample 70701/80000
  Processing sample 70751/80000
  Processing sample 70801/80000
  Processing sample 70851/80000
  Processing sample 70901/80000
  Processing sample 70951/80000
  Processing sample 71001/80000
  Processing sample 71051/80000
  Processing sample 71101/80000
  Processing sample 71151/80000
  Processing sample 71201/80000
  Processing sample 71251/80000
  Processing sample 71301/80000
  Processing sample 71351/80000
  Processing sample 71401/80000
  Processing sample 71451/80000
  Processing sample 71501/80000
  Processing sample 71551/80000
  Processing sample 71601/80000
  Processing sample 71651/80000
  Processing sample 71701/80000
  Processing sample 71751/80000
  Processing sample 71801/80000
  Processing sample 71851/80000
  Processing sample 71901/80000
  Processing sample 71951/80000
  Processing sample 72001/80000
  Processing sample 72051/80000
  Processing sample 72101/80000
  Processing sample 72151/80000
  Processing sample 72201/80000
  Processing sample 72251/80000
  Processing sample 72301/80000
  Processing sample 72351/80000
  Processing sample 72401/80000
  Processing sample 72451/80000
  Processing sample 72501/80000
  Processing sample 72551/80000
  Processing sample 72601/80000
  Processing sample 72651/80000
  Processing sample 72701/80000
  Processing sample 72751/80000
  Processing sample 72801/80000
  Processing sample 72851/80000
  Processing sample 72901/80000
  Processing sample 72951/80000
  Processing sample 73001/80000
  Processing sample 73051/80000
  Processing sample 73101/80000
  Processing sample 73151/80000
  Processing sample 73201/80000
  Processing sample 73251/80000
  Processing sample 73301/80000
  Processing sample 73351/80000
  Processing sample 73401/80000
  Processing sample 73451/80000
  Processing sample 73501/80000
  Processing sample 73551/80000
  Processing sample 73601/80000
  Processing sample 73651/80000
  Processing sample 73701/80000
  Processing sample 73751/80000
  Processing sample 73801/80000
  Processing sample 73851/80000
  Processing sample 73901/80000
  Processing sample 73951/80000
  Processing sample 74001/80000
  Processing sample 74051/80000
  Processing sample 74101/80000
  Processing sample 74151/80000
  Processing sample 74201/80000
  Processing sample 74251/80000
  Processing sample 74301/80000
  Processing sample 74351/80000
  Processing sample 74401/80000
  Processing sample 74451/80000
  Processing sample 74501/80000
  Processing sample 74551/80000
  Processing sample 74601/80000
  Processing sample 74651/80000
  Processing sample 74701/80000
  Processing sample 74751/80000
  Processing sample 74801/80000
  Processing sample 74851/80000
  Processing sample 74901/80000
  Processing sample 74951/80000
  Processing sample 75001/80000
  Processing sample 75051/80000
  Processing sample 75101/80000
  Processing sample 75151/80000
  Processing sample 75201/80000
  Processing sample 75251/80000
  Processing sample 75301/80000
  Processing sample 75351/80000
  Processing sample 75401/80000
  Processing sample 75451/80000
  Processing sample 75501/80000
  Processing sample 75551/80000
  Processing sample 75601/80000
  Processing sample 75651/80000
  Processing sample 75701/80000
  Processing sample 75751/80000
  Processing sample 75801/80000
  Processing sample 75851/80000
  Processing sample 75901/80000
  Processing sample 75951/80000
  Processing sample 76001/80000
  Processing sample 76051/80000
  Processing sample 76101/80000
  Processing sample 76151/80000
  Processing sample 76201/80000
  Processing sample 76251/80000
  Processing sample 76301/80000
  Processing sample 76351/80000
  Processing sample 76401/80000
  Processing sample 76451/80000
  Processing sample 76501/80000
  Processing sample 76551/80000
  Processing sample 76601/80000
  Processing sample 76651/80000
  Processing sample 76701/80000
  Processing sample 76751/80000
  Processing sample 76801/80000
  Processing sample 76851/80000
  Processing sample 76901/80000
  Processing sample 76951/80000
  Processing sample 77001/80000
  Processing sample 77051/80000
  Processing sample 77101/80000
  Processing sample 77151/80000
  Processing sample 77201/80000
  Processing sample 77251/80000
  Processing sample 77301/80000
  Processing sample 77351/80000
  Processing sample 77401/80000
  Processing sample 77451/80000
  Processing sample 77501/80000
  Processing sample 77551/80000
  Processing sample 77601/80000
  Processing sample 77651/80000
  Processing sample 77701/80000
  Processing sample 77751/80000
  Processing sample 77801/80000
  Processing sample 77851/80000
  Processing sample 77901/80000
  Processing sample 77951/80000
  Processing sample 78001/80000
  Processing sample 78051/80000
  Processing sample 78101/80000
  Processing sample 78151/80000
  Processing sample 78201/80000
  Processing sample 78251/80000
  Processing sample 78301/80000
  Processing sample 78351/80000
  Processing sample 78401/80000
  Processing sample 78451/80000
  Processing sample 78501/80000
  Processing sample 78551/80000
  Processing sample 78601/80000
  Processing sample 78651/80000
  Processing sample 78701/80000
  Processing sample 78751/80000
  Processing sample 78801/80000
  Processing sample 78851/80000
  Processing sample 78901/80000
  Processing sample 78951/80000
  Processing sample 79001/80000
  Processing sample 79051/80000
  Processing sample 79101/80000
  Processing sample 79151/80000
  Processing sample 79201/80000
  Processing sample 79251/80000
  Processing sample 79301/80000
  Processing sample 79351/80000
  Processing sample 79401/80000
  Processing sample 79451/80000
  Processing sample 79501/80000
  Processing sample 79551/80000
  Processing sample 79601/80000
  Processing sample 79651/80000
  Processing sample 79701/80000
  Processing sample 79751/80000
  Processing sample 79801/80000
  Processing sample 79851/80000
  Processing sample 79901/80000
  Processing sample 79951/80000
Processing z_c = 25.0
  Processing sample 1/80000
  Processing sample 51/80000
  Processing sample 101/80000
  Processing sample 151/80000
  Processing sample 201/80000
  Processing sample 251/80000
  Processing sample 301/80000
  Processing sample 351/80000
  Processing sample 401/80000
  Processing sample 451/80000
  Processing sample 501/80000
  Processing sample 551/80000
  Processing sample 601/80000
  Processing sample 651/80000
  Processing sample 701/80000
  Processing sample 751/80000
  Processing sample 801/80000
  Processing sample 851/80000
  Processing sample 901/80000
  Processing sample 951/80000
  Processing sample 1001/80000
  Processing sample 1051/80000
  Processing sample 1101/80000
  Processing sample 1151/80000
  Processing sample 1201/80000
  Processing sample 1251/80000
  Processing sample 1301/80000
  Processing sample 1351/80000
  Processing sample 1401/80000
  Processing sample 1451/80000
  Processing sample 1501/80000
  Processing sample 1551/80000
  Processing sample 1601/80000
  Processing sample 1651/80000
  Processing sample 1701/80000
  Processing sample 1751/80000
  Processing sample 1801/80000
  Processing sample 1851/80000
  Processing sample 1901/80000
  Processing sample 1951/80000
  Processing sample 2001/80000
  Processing sample 2051/80000
  Processing sample 2101/80000
  Processing sample 2151/80000
  Processing sample 2201/80000
  Processing sample 2251/80000
  Processing sample 2301/80000
  Processing sample 2351/80000
  Processing sample 2401/80000
  Processing sample 2451/80000
  Processing sample 2501/80000
  Processing sample 2551/80000
  Processing sample 2601/80000
  Processing sample 2651/80000
  Processing sample 2701/80000
  Processing sample 2751/80000
  Processing sample 2801/80000
  Processing sample 2851/80000
  Processing sample 2901/80000
  Processing sample 2951/80000
  Processing sample 3001/80000
  Processing sample 3051/80000
  Processing sample 3101/80000
  Processing sample 3151/80000
  Processing sample 3201/80000
  Processing sample 3251/80000
  Processing sample 3301/80000
  Processing sample 3351/80000
  Processing sample 3401/80000
  Processing sample 3451/80000
  Processing sample 3501/80000
  Processing sample 3551/80000
  Processing sample 3601/80000
  Processing sample 3651/80000
  Processing sample 3701/80000
  Processing sample 3751/80000
  Processing sample 3801/80000
  Processing sample 3851/80000
  Processing sample 3901/80000
  Processing sample 3951/80000
  Processing sample 4001/80000
  Processing sample 4051/80000
  Processing sample 4101/80000
  Processing sample 4151/80000
  Processing sample 4201/80000
  Processing sample 4251/80000
  Processing sample 4301/80000
  Processing sample 4351/80000
  Processing sample 4401/80000
  Processing sample 4451/80000
  Processing sample 4501/80000
  Processing sample 4551/80000
  Processing sample 4601/80000
  Processing sample 4651/80000
  Processing sample 4701/80000
  Processing sample 4751/80000
  Processing sample 4801/80000
  Processing sample 4851/80000
  Processing sample 4901/80000
  Processing sample 4951/80000
  Processing sample 5001/80000
  Processing sample 5051/80000
  Processing sample 5101/80000
  Processing sample 5151/80000
  Processing sample 5201/80000
  Processing sample 5251/80000
  Processing sample 5301/80000
  Processing sample 5351/80000
  Processing sample 5401/80000
  Processing sample 5451/80000
  Processing sample 5501/80000
  Processing sample 5551/80000
  Processing sample 5601/80000
  Processing sample 5651/80000
  Processing sample 5701/80000
  Processing sample 5751/80000
  Processing sample 5801/80000
  Processing sample 5851/80000
  Processing sample 5901/80000
  Processing sample 5951/80000
  Processing sample 6001/80000
  Processing sample 6051/80000
  Processing sample 6101/80000
  Processing sample 6151/80000
  Processing sample 6201/80000
  Processing sample 6251/80000
  Processing sample 6301/80000
  Processing sample 6351/80000
  Processing sample 6401/80000
  Processing sample 6451/80000
  Processing sample 6501/80000
  Processing sample 6551/80000
  Processing sample 6601/80000
  Processing sample 6651/80000
  Processing sample 6701/80000
  Processing sample 6751/80000
  Processing sample 6801/80000
  Processing sample 6851/80000
  Processing sample 6901/80000
  Processing sample 6951/80000
  Processing sample 7001/80000
  Processing sample 7051/80000
  Processing sample 7101/80000
  Processing sample 7151/80000
  Processing sample 7201/80000
  Processing sample 7251/80000
  Processing sample 7301/80000
  Processing sample 7351/80000
  Processing sample 7401/80000
  Processing sample 7451/80000
  Processing sample 7501/80000
  Processing sample 7551/80000
  Processing sample 7601/80000
  Processing sample 7651/80000
  Processing sample 7701/80000
  Processing sample 7751/80000
  Processing sample 7801/80000
  Processing sample 7851/80000
  Processing sample 7901/80000
  Processing sample 7951/80000
  Processing sample 8001/80000
  Processing sample 8051/80000
  Processing sample 8101/80000
  Processing sample 8151/80000
  Processing sample 8201/80000
  Processing sample 8251/80000
  Processing sample 8301/80000
  Processing sample 8351/80000
  Processing sample 8401/80000
  Processing sample 8451/80000
  Processing sample 8501/80000
  Processing sample 8551/80000
  Processing sample 8601/80000
  Processing sample 8651/80000
  Processing sample 8701/80000
  Processing sample 8751/80000
  Processing sample 8801/80000
  Processing sample 8851/80000
  Processing sample 8901/80000
  Processing sample 8951/80000
  Processing sample 9001/80000
  Processing sample 9051/80000
  Processing sample 9101/80000
  Processing sample 9151/80000
  Processing sample 9201/80000
  Processing sample 9251/80000
  Processing sample 9301/80000
  Processing sample 9351/80000
  Processing sample 9401/80000
  Processing sample 9451/80000
  Processing sample 9501/80000
  Processing sample 9551/80000
  Processing sample 9601/80000
  Processing sample 9651/80000
  Processing sample 9701/80000
  Processing sample 9751/80000
  Processing sample 9801/80000
  Processing sample 9851/80000
  Processing sample 9901/80000
  Processing sample 9951/80000
  Processing sample 10001/80000
  Processing sample 10051/80000
  Processing sample 10101/80000
  Processing sample 10151/80000
  Processing sample 10201/80000
  Processing sample 10251/80000
  Processing sample 10301/80000
  Processing sample 10351/80000
  Processing sample 10401/80000
  Processing sample 10451/80000
  Processing sample 10501/80000
  Processing sample 10551/80000
  Processing sample 10601/80000
  Processing sample 10651/80000
  Processing sample 10701/80000
  Processing sample 10751/80000
  Processing sample 10801/80000
  Processing sample 10851/80000
  Processing sample 10901/80000
  Processing sample 10951/80000
  Processing sample 11001/80000
  Processing sample 11051/80000
  Processing sample 11101/80000
  Processing sample 11151/80000
  Processing sample 11201/80000
  Processing sample 11251/80000
  Processing sample 11301/80000
  Processing sample 11351/80000
  Processing sample 11401/80000
  Processing sample 11451/80000
  Processing sample 11501/80000
  Processing sample 11551/80000
  Processing sample 11601/80000
  Processing sample 11651/80000
  Processing sample 11701/80000
  Processing sample 11751/80000
  Processing sample 11801/80000
  Processing sample 11851/80000
  Processing sample 11901/80000
  Processing sample 11951/80000
  Processing sample 12001/80000
  Processing sample 12051/80000
  Processing sample 12101/80000
  Processing sample 12151/80000
  Processing sample 12201/80000
  Processing sample 12251/80000
  Processing sample 12301/80000
  Processing sample 12351/80000
  Processing sample 12401/80000
  Processing sample 12451/80000
  Processing sample 12501/80000
  Processing sample 12551/80000
  Processing sample 12601/80000
  Processing sample 12651/80000
  Processing sample 12701/80000
  Processing sample 12751/80000
  Processing sample 12801/80000
  Processing sample 12851/80000
  Processing sample 12901/80000
  Processing sample 12951/80000
  Processing sample 13001/80000
  Processing sample 13051/80000
  Processing sample 13101/80000
  Processing sample 13151/80000
  Processing sample 13201/80000
  Processing sample 13251/80000
  Processing sample 13301/80000
  Processing sample 13351/80000
  Processing sample 13401/80000
  Processing sample 13451/80000
  Processing sample 13501/80000
  Processing sample 13551/80000
  Processing sample 13601/80000
  Processing sample 13651/80000
  Processing sample 13701/80000
  Processing sample 13751/80000
  Processing sample 13801/80000
  Processing sample 13851/80000
  Processing sample 13901/80000
  Processing sample 13951/80000
  Processing sample 14001/80000
  Processing sample 14051/80000
  Processing sample 14101/80000
  Processing sample 14151/80000
  Processing sample 14201/80000
  Processing sample 14251/80000
  Processing sample 14301/80000
  Processing sample 14351/80000
  Processing sample 14401/80000
  Processing sample 14451/80000
  Processing sample 14501/80000
  Processing sample 14551/80000
  Processing sample 14601/80000
  Processing sample 14651/80000
  Processing sample 14701/80000
  Processing sample 14751/80000
  Processing sample 14801/80000
  Processing sample 14851/80000
  Processing sample 14901/80000
  Processing sample 14951/80000
  Processing sample 15001/80000
  Processing sample 15051/80000
  Processing sample 15101/80000
  Processing sample 15151/80000
  Processing sample 15201/80000
  Processing sample 15251/80000
  Processing sample 15301/80000
  Processing sample 15351/80000
  Processing sample 15401/80000
  Processing sample 15451/80000
  Processing sample 15501/80000
  Processing sample 15551/80000
  Processing sample 15601/80000
  Processing sample 15651/80000
  Processing sample 15701/80000
  Processing sample 15751/80000
  Processing sample 15801/80000
  Processing sample 15851/80000
  Processing sample 15901/80000
  Processing sample 15951/80000
  Processing sample 16001/80000
  Processing sample 16051/80000
  Processing sample 16101/80000
  Processing sample 16151/80000
  Processing sample 16201/80000
  Processing sample 16251/80000
  Processing sample 16301/80000
  Processing sample 16351/80000
  Processing sample 16401/80000
  Processing sample 16451/80000
  Processing sample 16501/80000
  Processing sample 16551/80000
  Processing sample 16601/80000
  Processing sample 16651/80000
  Processing sample 16701/80000
  Processing sample 16751/80000
  Processing sample 16801/80000
  Processing sample 16851/80000
  Processing sample 16901/80000
  Processing sample 16951/80000
  Processing sample 17001/80000
  Processing sample 17051/80000
  Processing sample 17101/80000
  Processing sample 17151/80000
  Processing sample 17201/80000
  Processing sample 17251/80000
  Processing sample 17301/80000
  Processing sample 17351/80000
  Processing sample 17401/80000
  Processing sample 17451/80000
  Processing sample 17501/80000
  Processing sample 17551/80000
  Processing sample 17601/80000
  Processing sample 17651/80000
  Processing sample 17701/80000
  Processing sample 17751/80000
  Processing sample 17801/80000
  Processing sample 17851/80000
  Processing sample 17901/80000
  Processing sample 17951/80000
  Processing sample 18001/80000
  Processing sample 18051/80000
  Processing sample 18101/80000
  Processing sample 18151/80000
  Processing sample 18201/80000
  Processing sample 18251/80000
  Processing sample 18301/80000
  Processing sample 18351/80000
  Processing sample 18401/80000
  Processing sample 18451/80000
  Processing sample 18501/80000
  Processing sample 18551/80000
  Processing sample 18601/80000
  Processing sample 18651/80000
  Processing sample 18701/80000
  Processing sample 18751/80000
  Processing sample 18801/80000
  Processing sample 18851/80000
  Processing sample 18901/80000
  Processing sample 18951/80000
  Processing sample 19001/80000
  Processing sample 19051/80000
  Processing sample 19101/80000
  Processing sample 19151/80000
  Processing sample 19201/80000
  Processing sample 19251/80000
  Processing sample 19301/80000
  Processing sample 19351/80000
  Processing sample 19401/80000
  Processing sample 19451/80000
  Processing sample 19501/80000
  Processing sample 19551/80000
  Processing sample 19601/80000
  Processing sample 19651/80000
  Processing sample 19701/80000
  Processing sample 19751/80000
  Processing sample 19801/80000
  Processing sample 19851/80000
  Processing sample 19901/80000
  Processing sample 19951/80000
  Processing sample 20001/80000
  Processing sample 20051/80000
  Processing sample 20101/80000
  Processing sample 20151/80000
  Processing sample 20201/80000
  Processing sample 20251/80000
  Processing sample 20301/80000
  Processing sample 20351/80000
  Processing sample 20401/80000
  Processing sample 20451/80000
  Processing sample 20501/80000
  Processing sample 20551/80000
  Processing sample 20601/80000
  Processing sample 20651/80000
  Processing sample 20701/80000
  Processing sample 20751/80000
  Processing sample 20801/80000
  Processing sample 20851/80000
  Processing sample 20901/80000
  Processing sample 20951/80000
  Processing sample 21001/80000
  Processing sample 21051/80000
  Processing sample 21101/80000
  Processing sample 21151/80000
  Processing sample 21201/80000
  Processing sample 21251/80000
  Processing sample 21301/80000
  Processing sample 21351/80000
  Processing sample 21401/80000
  Processing sample 21451/80000
  Processing sample 21501/80000
  Processing sample 21551/80000
  Processing sample 21601/80000
  Processing sample 21651/80000
  Processing sample 21701/80000
  Processing sample 21751/80000
  Processing sample 21801/80000
  Processing sample 21851/80000
  Processing sample 21901/80000
  Processing sample 21951/80000
  Processing sample 22001/80000
  Processing sample 22051/80000
  Processing sample 22101/80000
  Processing sample 22151/80000
  Processing sample 22201/80000
  Processing sample 22251/80000
  Processing sample 22301/80000
  Processing sample 22351/80000
  Processing sample 22401/80000
  Processing sample 22451/80000
  Processing sample 22501/80000
  Processing sample 22551/80000
  Processing sample 22601/80000
  Processing sample 22651/80000
  Processing sample 22701/80000
  Processing sample 22751/80000
  Processing sample 22801/80000
  Processing sample 22851/80000
  Processing sample 22901/80000
  Processing sample 22951/80000
  Processing sample 23001/80000
  Processing sample 23051/80000
  Processing sample 23101/80000
  Processing sample 23151/80000
  Processing sample 23201/80000
  Processing sample 23251/80000
  Processing sample 23301/80000
  Processing sample 23351/80000
  Processing sample 23401/80000
  Processing sample 23451/80000
  Processing sample 23501/80000
  Processing sample 23551/80000
  Processing sample 23601/80000
  Processing sample 23651/80000
  Processing sample 23701/80000
  Processing sample 23751/80000
  Processing sample 23801/80000
  Processing sample 23851/80000
  Processing sample 23901/80000
  Processing sample 23951/80000
  Processing sample 24001/80000
  Processing sample 24051/80000
  Processing sample 24101/80000
  Processing sample 24151/80000
  Processing sample 24201/80000
  Processing sample 24251/80000
  Processing sample 24301/80000
  Processing sample 24351/80000
  Processing sample 24401/80000
  Processing sample 24451/80000
  Processing sample 24501/80000
  Processing sample 24551/80000
  Processing sample 24601/80000
  Processing sample 24651/80000
  Processing sample 24701/80000
  Processing sample 24751/80000
  Processing sample 24801/80000
  Processing sample 24851/80000
  Processing sample 24901/80000
  Processing sample 24951/80000
  Processing sample 25001/80000
  Processing sample 25051/80000
  Processing sample 25101/80000
  Processing sample 25151/80000
  Processing sample 25201/80000
  Processing sample 25251/80000
  Processing sample 25301/80000
  Processing sample 25351/80000
  Processing sample 25401/80000
  Processing sample 25451/80000
  Processing sample 25501/80000
  Processing sample 25551/80000
  Processing sample 25601/80000
  Processing sample 25651/80000
  Processing sample 25701/80000
  Processing sample 25751/80000
  Processing sample 25801/80000
  Processing sample 25851/80000
  Processing sample 25901/80000
  Processing sample 25951/80000
  Processing sample 26001/80000
  Processing sample 26051/80000
  Processing sample 26101/80000
  Processing sample 26151/80000
  Processing sample 26201/80000
  Processing sample 26251/80000
  Processing sample 26301/80000
  Processing sample 26351/80000
  Processing sample 26401/80000
  Processing sample 26451/80000
  Processing sample 26501/80000
  Processing sample 26551/80000
  Processing sample 26601/80000
  Processing sample 26651/80000
  Processing sample 26701/80000
  Processing sample 26751/80000
  Processing sample 26801/80000
  Processing sample 26851/80000
  Processing sample 26901/80000
  Processing sample 26951/80000
  Processing sample 27001/80000
  Processing sample 27051/80000
  Processing sample 27101/80000
  Processing sample 27151/80000
  Processing sample 27201/80000
  Processing sample 27251/80000
  Processing sample 27301/80000
  Processing sample 27351/80000
  Processing sample 27401/80000
  Processing sample 27451/80000
  Processing sample 27501/80000
  Processing sample 27551/80000
  Processing sample 27601/80000
  Processing sample 27651/80000
  Processing sample 27701/80000
  Processing sample 27751/80000
  Processing sample 27801/80000
  Processing sample 27851/80000
  Processing sample 27901/80000
  Processing sample 27951/80000
  Processing sample 28001/80000
  Processing sample 28051/80000
  Processing sample 28101/80000
  Processing sample 28151/80000
  Processing sample 28201/80000
  Processing sample 28251/80000
  Processing sample 28301/80000
  Processing sample 28351/80000
  Processing sample 28401/80000
  Processing sample 28451/80000
  Processing sample 28501/80000
  Processing sample 28551/80000
  Processing sample 28601/80000
  Processing sample 28651/80000
  Processing sample 28701/80000
  Processing sample 28751/80000
  Processing sample 28801/80000
  Processing sample 28851/80000
  Processing sample 28901/80000
  Processing sample 28951/80000
  Processing sample 29001/80000
  Processing sample 29051/80000
  Processing sample 29101/80000
  Processing sample 29151/80000
  Processing sample 29201/80000
  Processing sample 29251/80000
  Processing sample 29301/80000
  Processing sample 29351/80000
  Processing sample 29401/80000
  Processing sample 29451/80000
  Processing sample 29501/80000
  Processing sample 29551/80000
  Processing sample 29601/80000
  Processing sample 29651/80000
  Processing sample 29701/80000
  Processing sample 29751/80000
  Processing sample 29801/80000
  Processing sample 29851/80000
  Processing sample 29901/80000
  Processing sample 29951/80000
  Processing sample 30001/80000
  Processing sample 30051/80000
  Processing sample 30101/80000
  Processing sample 30151/80000
  Processing sample 30201/80000
  Processing sample 30251/80000
  Processing sample 30301/80000
  Processing sample 30351/80000
  Processing sample 30401/80000
  Processing sample 30451/80000
  Processing sample 30501/80000
  Processing sample 30551/80000
  Processing sample 30601/80000
  Processing sample 30651/80000
  Processing sample 30701/80000
  Processing sample 30751/80000
  Processing sample 30801/80000
  Processing sample 30851/80000
  Processing sample 30901/80000
  Processing sample 30951/80000
  Processing sample 31001/80000
  Processing sample 31051/80000
  Processing sample 31101/80000
  Processing sample 31151/80000
  Processing sample 31201/80000
  Processing sample 31251/80000
  Processing sample 31301/80000
  Processing sample 31351/80000
  Processing sample 31401/80000
  Processing sample 31451/80000
  Processing sample 31501/80000
  Processing sample 31551/80000
  Processing sample 31601/80000
  Processing sample 31651/80000
  Processing sample 31701/80000
  Processing sample 31751/80000
  Processing sample 31801/80000
  Processing sample 31851/80000
  Processing sample 31901/80000
  Processing sample 31951/80000
  Processing sample 32001/80000
  Processing sample 32051/80000
  Processing sample 32101/80000
  Processing sample 32151/80000
  Processing sample 32201/80000
  Processing sample 32251/80000
  Processing sample 32301/80000
  Processing sample 32351/80000
  Processing sample 32401/80000
  Processing sample 32451/80000
  Processing sample 32501/80000
  Processing sample 32551/80000
  Processing sample 32601/80000
  Processing sample 32651/80000
  Processing sample 32701/80000
  Processing sample 32751/80000
  Processing sample 32801/80000
  Processing sample 32851/80000
  Processing sample 32901/80000
  Processing sample 32951/80000
  Processing sample 33001/80000
  Processing sample 33051/80000
  Processing sample 33101/80000
  Processing sample 33151/80000
  Processing sample 33201/80000
  Processing sample 33251/80000
  Processing sample 33301/80000
  Processing sample 33351/80000
  Processing sample 33401/80000
  Processing sample 33451/80000
  Processing sample 33501/80000
  Processing sample 33551/80000
  Processing sample 33601/80000
  Processing sample 33651/80000
  Processing sample 33701/80000
  Processing sample 33751/80000
  Processing sample 33801/80000
  Processing sample 33851/80000
  Processing sample 33901/80000
  Processing sample 33951/80000
  Processing sample 34001/80000
  Processing sample 34051/80000
  Processing sample 34101/80000
  Processing sample 34151/80000
  Processing sample 34201/80000
  Processing sample 34251/80000
  Processing sample 34301/80000
  Processing sample 34351/80000
  Processing sample 34401/80000
  Processing sample 34451/80000
  Processing sample 34501/80000
  Processing sample 34551/80000
  Processing sample 34601/80000
  Processing sample 34651/80000
  Processing sample 34701/80000
  Processing sample 34751/80000
  Processing sample 34801/80000
  Processing sample 34851/80000
  Processing sample 34901/80000
  Processing sample 34951/80000
  Processing sample 35001/80000
  Processing sample 35051/80000
  Processing sample 35101/80000
  Processing sample 35151/80000
  Processing sample 35201/80000
  Processing sample 35251/80000
  Processing sample 35301/80000
  Processing sample 35351/80000
  Processing sample 35401/80000
  Processing sample 35451/80000
  Processing sample 35501/80000
  Processing sample 35551/80000
  Processing sample 35601/80000
  Processing sample 35651/80000
  Processing sample 35701/80000
  Processing sample 35751/80000
  Processing sample 35801/80000
  Processing sample 35851/80000
  Processing sample 35901/80000
  Processing sample 35951/80000
  Processing sample 36001/80000
  Processing sample 36051/80000
  Processing sample 36101/80000
  Processing sample 36151/80000
  Processing sample 36201/80000
  Processing sample 36251/80000
  Processing sample 36301/80000
  Processing sample 36351/80000
  Processing sample 36401/80000
  Processing sample 36451/80000
  Processing sample 36501/80000
  Processing sample 36551/80000
  Processing sample 36601/80000
  Processing sample 36651/80000
  Processing sample 36701/80000
  Processing sample 36751/80000
  Processing sample 36801/80000
  Processing sample 36851/80000
  Processing sample 36901/80000
  Processing sample 36951/80000
  Processing sample 37001/80000
  Processing sample 37051/80000
  Processing sample 37101/80000
  Processing sample 37151/80000
  Processing sample 37201/80000
  Processing sample 37251/80000
  Processing sample 37301/80000
  Processing sample 37351/80000
  Processing sample 37401/80000
  Processing sample 37451/80000
  Processing sample 37501/80000
  Processing sample 37551/80000
  Processing sample 37601/80000
  Processing sample 37651/80000
  Processing sample 37701/80000
  Processing sample 37751/80000
  Processing sample 37801/80000
  Processing sample 37851/80000
  Processing sample 37901/80000
  Processing sample 37951/80000
  Processing sample 38001/80000
  Processing sample 38051/80000
  Processing sample 38101/80000
  Processing sample 38151/80000
  Processing sample 38201/80000
  Processing sample 38251/80000
  Processing sample 38301/80000
  Processing sample 38351/80000
  Processing sample 38401/80000
  Processing sample 38451/80000
  Processing sample 38501/80000
  Processing sample 38551/80000
  Processing sample 38601/80000
  Processing sample 38651/80000
  Processing sample 38701/80000
  Processing sample 38751/80000
  Processing sample 38801/80000
  Processing sample 38851/80000
  Processing sample 38901/80000
  Processing sample 38951/80000
  Processing sample 39001/80000
  Processing sample 39051/80000
  Processing sample 39101/80000
  Processing sample 39151/80000
  Processing sample 39201/80000
  Processing sample 39251/80000
  Processing sample 39301/80000
  Processing sample 39351/80000
  Processing sample 39401/80000
  Processing sample 39451/80000
  Processing sample 39501/80000
  Processing sample 39551/80000
  Processing sample 39601/80000
  Processing sample 39651/80000
  Processing sample 39701/80000
  Processing sample 39751/80000
  Processing sample 39801/80000
  Processing sample 39851/80000
  Processing sample 39901/80000
  Processing sample 39951/80000
  Processing sample 40001/80000
  Processing sample 40051/80000
  Processing sample 40101/80000
  Processing sample 40151/80000
  Processing sample 40201/80000
  Processing sample 40251/80000
  Processing sample 40301/80000
  Processing sample 40351/80000
  Processing sample 40401/80000
  Processing sample 40451/80000
  Processing sample 40501/80000
  Processing sample 40551/80000
  Processing sample 40601/80000
  Processing sample 40651/80000
  Processing sample 40701/80000
  Processing sample 40751/80000
  Processing sample 40801/80000
  Processing sample 40851/80000
  Processing sample 40901/80000
  Processing sample 40951/80000
  Processing sample 41001/80000
  Processing sample 41051/80000
  Processing sample 41101/80000
  Processing sample 41151/80000
  Processing sample 41201/80000
  Processing sample 41251/80000
  Processing sample 41301/80000
  Processing sample 41351/80000
  Processing sample 41401/80000
  Processing sample 41451/80000
  Processing sample 41501/80000
  Processing sample 41551/80000
  Processing sample 41601/80000
  Processing sample 41651/80000
  Processing sample 41701/80000
  Processing sample 41751/80000
  Processing sample 41801/80000
  Processing sample 41851/80000
  Processing sample 41901/80000
  Processing sample 41951/80000
  Processing sample 42001/80000
  Processing sample 42051/80000
  Processing sample 42101/80000
  Processing sample 42151/80000
  Processing sample 42201/80000
  Processing sample 42251/80000
  Processing sample 42301/80000
  Processing sample 42351/80000
  Processing sample 42401/80000
  Processing sample 42451/80000
  Processing sample 42501/80000
  Processing sample 42551/80000
  Processing sample 42601/80000
  Processing sample 42651/80000
  Processing sample 42701/80000
  Processing sample 42751/80000
  Processing sample 42801/80000
  Processing sample 42851/80000
  Processing sample 42901/80000
  Processing sample 42951/80000
  Processing sample 43001/80000
  Processing sample 43051/80000
  Processing sample 43101/80000
  Processing sample 43151/80000
  Processing sample 43201/80000
  Processing sample 43251/80000
  Processing sample 43301/80000
  Processing sample 43351/80000
  Processing sample 43401/80000
  Processing sample 43451/80000
  Processing sample 43501/80000
  Processing sample 43551/80000
  Processing sample 43601/80000
  Processing sample 43651/80000
  Processing sample 43701/80000
  Processing sample 43751/80000
  Processing sample 43801/80000
  Processing sample 43851/80000
  Processing sample 43901/80000
  Processing sample 43951/80000
  Processing sample 44001/80000
  Processing sample 44051/80000
  Processing sample 44101/80000
  Processing sample 44151/80000
  Processing sample 44201/80000
  Processing sample 44251/80000
  Processing sample 44301/80000
  Processing sample 44351/80000
  Processing sample 44401/80000
  Processing sample 44451/80000
  Processing sample 44501/80000
  Processing sample 44551/80000
  Processing sample 44601/80000
  Processing sample 44651/80000
  Processing sample 44701/80000
  Processing sample 44751/80000
  Processing sample 44801/80000
  Processing sample 44851/80000
  Processing sample 44901/80000
  Processing sample 44951/80000
  Processing sample 45001/80000
  Processing sample 45051/80000
  Processing sample 45101/80000
  Processing sample 45151/80000
  Processing sample 45201/80000
  Processing sample 45251/80000
  Processing sample 45301/80000
  Processing sample 45351/80000
  Processing sample 45401/80000
  Processing sample 45451/80000
  Processing sample 45501/80000
  Processing sample 45551/80000
  Processing sample 45601/80000
  Processing sample 45651/80000
  Processing sample 45701/80000
  Processing sample 45751/80000
  Processing sample 45801/80000
  Processing sample 45851/80000
  Processing sample 45901/80000
  Processing sample 45951/80000
  Processing sample 46001/80000
  Processing sample 46051/80000
  Processing sample 46101/80000
  Processing sample 46151/80000
  Processing sample 46201/80000
  Processing sample 46251/80000
  Processing sample 46301/80000
  Processing sample 46351/80000
  Processing sample 46401/80000
  Processing sample 46451/80000
  Processing sample 46501/80000
  Processing sample 46551/80000
  Processing sample 46601/80000
  Processing sample 46651/80000
  Processing sample 46701/80000
  Processing sample 46751/80000
  Processing sample 46801/80000
  Processing sample 46851/80000
  Processing sample 46901/80000
  Processing sample 46951/80000
  Processing sample 47001/80000
  Processing sample 47051/80000
  Processing sample 47101/80000
  Processing sample 47151/80000
  Processing sample 47201/80000
  Processing sample 47251/80000
  Processing sample 47301/80000
  Processing sample 47351/80000
  Processing sample 47401/80000
  Processing sample 47451/80000
  Processing sample 47501/80000
  Processing sample 47551/80000
  Processing sample 47601/80000
  Processing sample 47651/80000
  Processing sample 47701/80000
  Processing sample 47751/80000
  Processing sample 47801/80000
  Processing sample 47851/80000
  Processing sample 47901/80000
  Processing sample 47951/80000
  Processing sample 48001/80000
  Processing sample 48051/80000
  Processing sample 48101/80000
  Processing sample 48151/80000
  Processing sample 48201/80000
  Processing sample 48251/80000
  Processing sample 48301/80000
  Processing sample 48351/80000
  Processing sample 48401/80000
  Processing sample 48451/80000
  Processing sample 48501/80000
  Processing sample 48551/80000
  Processing sample 48601/80000
  Processing sample 48651/80000
  Processing sample 48701/80000
  Processing sample 48751/80000
  Processing sample 48801/80000
  Processing sample 48851/80000
  Processing sample 48901/80000
  Processing sample 48951/80000
  Processing sample 49001/80000
  Processing sample 49051/80000
  Processing sample 49101/80000
  Processing sample 49151/80000
  Processing sample 49201/80000
  Processing sample 49251/80000
  Processing sample 49301/80000
  Processing sample 49351/80000
  Processing sample 49401/80000
  Processing sample 49451/80000
  Processing sample 49501/80000
  Processing sample 49551/80000
  Processing sample 49601/80000
  Processing sample 49651/80000
  Processing sample 49701/80000
  Processing sample 49751/80000
  Processing sample 49801/80000
  Processing sample 49851/80000
  Processing sample 49901/80000
  Processing sample 49951/80000
  Processing sample 50001/80000
  Processing sample 50051/80000
  Processing sample 50101/80000
  Processing sample 50151/80000
  Processing sample 50201/80000
  Processing sample 50251/80000
  Processing sample 50301/80000
  Processing sample 50351/80000
  Processing sample 50401/80000
  Processing sample 50451/80000
  Processing sample 50501/80000
  Processing sample 50551/80000
  Processing sample 50601/80000
  Processing sample 50651/80000
  Processing sample 50701/80000
  Processing sample 50751/80000
  Processing sample 50801/80000
  Processing sample 50851/80000
  Processing sample 50901/80000
  Processing sample 50951/80000
  Processing sample 51001/80000
  Processing sample 51051/80000
  Processing sample 51101/80000
  Processing sample 51151/80000
  Processing sample 51201/80000
  Processing sample 51251/80000
  Processing sample 51301/80000
  Processing sample 51351/80000
  Processing sample 51401/80000
  Processing sample 51451/80000
  Processing sample 51501/80000
  Processing sample 51551/80000
  Processing sample 51601/80000
  Processing sample 51651/80000
  Processing sample 51701/80000
  Processing sample 51751/80000
  Processing sample 51801/80000
  Processing sample 51851/80000
  Processing sample 51901/80000
  Processing sample 51951/80000
  Processing sample 52001/80000
  Processing sample 52051/80000
  Processing sample 52101/80000
  Processing sample 52151/80000
  Processing sample 52201/80000
  Processing sample 52251/80000
  Processing sample 52301/80000
  Processing sample 52351/80000
  Processing sample 52401/80000
  Processing sample 52451/80000
  Processing sample 52501/80000
  Processing sample 52551/80000
  Processing sample 52601/80000
  Processing sample 52651/80000
  Processing sample 52701/80000
  Processing sample 52751/80000
  Processing sample 52801/80000
  Processing sample 52851/80000
  Processing sample 52901/80000
  Processing sample 52951/80000
  Processing sample 53001/80000
  Processing sample 53051/80000
  Processing sample 53101/80000
  Processing sample 53151/80000
  Processing sample 53201/80000
  Processing sample 53251/80000
  Processing sample 53301/80000
  Processing sample 53351/80000
  Processing sample 53401/80000
  Processing sample 53451/80000
  Processing sample 53501/80000
  Processing sample 53551/80000
  Processing sample 53601/80000
  Processing sample 53651/80000
  Processing sample 53701/80000
  Processing sample 53751/80000
  Processing sample 53801/80000
  Processing sample 53851/80000
  Processing sample 53901/80000
  Processing sample 53951/80000
  Processing sample 54001/80000
  Processing sample 54051/80000
  Processing sample 54101/80000
  Processing sample 54151/80000
  Processing sample 54201/80000
  Processing sample 54251/80000
  Processing sample 54301/80000
  Processing sample 54351/80000
  Processing sample 54401/80000
  Processing sample 54451/80000
  Processing sample 54501/80000
  Processing sample 54551/80000
  Processing sample 54601/80000
  Processing sample 54651/80000
  Processing sample 54701/80000
  Processing sample 54751/80000
  Processing sample 54801/80000
  Processing sample 54851/80000
  Processing sample 54901/80000
  Processing sample 54951/80000
  Processing sample 55001/80000
  Processing sample 55051/80000
  Processing sample 55101/80000
  Processing sample 55151/80000
  Processing sample 55201/80000
  Processing sample 55251/80000
  Processing sample 55301/80000
  Processing sample 55351/80000
  Processing sample 55401/80000
  Processing sample 55451/80000
  Processing sample 55501/80000
  Processing sample 55551/80000
  Processing sample 55601/80000
  Processing sample 55651/80000
  Processing sample 55701/80000
  Processing sample 55751/80000
  Processing sample 55801/80000
  Processing sample 55851/80000
  Processing sample 55901/80000
  Processing sample 55951/80000
  Processing sample 56001/80000
  Processing sample 56051/80000
  Processing sample 56101/80000
  Processing sample 56151/80000
  Processing sample 56201/80000
  Processing sample 56251/80000
  Processing sample 56301/80000
  Processing sample 56351/80000
  Processing sample 56401/80000
  Processing sample 56451/80000
  Processing sample 56501/80000
  Processing sample 56551/80000
  Processing sample 56601/80000
  Processing sample 56651/80000
  Processing sample 56701/80000
  Processing sample 56751/80000
  Processing sample 56801/80000
  Processing sample 56851/80000
  Processing sample 56901/80000
  Processing sample 56951/80000
  Processing sample 57001/80000
  Processing sample 57051/80000
  Processing sample 57101/80000
  Processing sample 57151/80000
  Processing sample 57201/80000
  Processing sample 57251/80000
  Processing sample 57301/80000
  Processing sample 57351/80000
  Processing sample 57401/80000
  Processing sample 57451/80000
  Processing sample 57501/80000
  Processing sample 57551/80000
  Processing sample 57601/80000
  Processing sample 57651/80000
  Processing sample 57701/80000
  Processing sample 57751/80000
  Processing sample 57801/80000
  Processing sample 57851/80000
  Processing sample 57901/80000
  Processing sample 57951/80000
  Processing sample 58001/80000
  Processing sample 58051/80000
  Processing sample 58101/80000
  Processing sample 58151/80000
  Processing sample 58201/80000
  Processing sample 58251/80000
  Processing sample 58301/80000
  Processing sample 58351/80000
  Processing sample 58401/80000
  Processing sample 58451/80000
  Processing sample 58501/80000
  Processing sample 58551/80000
  Processing sample 58601/80000
  Processing sample 58651/80000
  Processing sample 58701/80000
  Processing sample 58751/80000
  Processing sample 58801/80000
  Processing sample 58851/80000
  Processing sample 58901/80000
  Processing sample 58951/80000
  Processing sample 59001/80000
  Processing sample 59051/80000
  Processing sample 59101/80000
  Processing sample 59151/80000
  Processing sample 59201/80000
  Processing sample 59251/80000
  Processing sample 59301/80000
  Processing sample 59351/80000
  Processing sample 59401/80000
  Processing sample 59451/80000
  Processing sample 59501/80000
  Processing sample 59551/80000
  Processing sample 59601/80000
  Processing sample 59651/80000
  Processing sample 59701/80000
  Processing sample 59751/80000
  Processing sample 59801/80000
  Processing sample 59851/80000
  Processing sample 59901/80000
  Processing sample 59951/80000
  Processing sample 60001/80000
  Processing sample 60051/80000
  Processing sample 60101/80000
  Processing sample 60151/80000
  Processing sample 60201/80000
  Processing sample 60251/80000
  Processing sample 60301/80000
  Processing sample 60351/80000
  Processing sample 60401/80000
  Processing sample 60451/80000
  Processing sample 60501/80000
  Processing sample 60551/80000
  Processing sample 60601/80000
  Processing sample 60651/80000
  Processing sample 60701/80000
  Processing sample 60751/80000
  Processing sample 60801/80000
  Processing sample 60851/80000
  Processing sample 60901/80000
  Processing sample 60951/80000
  Processing sample 61001/80000
  Processing sample 61051/80000
  Processing sample 61101/80000
  Processing sample 61151/80000
  Processing sample 61201/80000
  Processing sample 61251/80000
  Processing sample 61301/80000
  Processing sample 61351/80000
  Processing sample 61401/80000
  Processing sample 61451/80000
  Processing sample 61501/80000
  Processing sample 61551/80000
  Processing sample 61601/80000
  Processing sample 61651/80000
  Processing sample 61701/80000
  Processing sample 61751/80000
  Processing sample 61801/80000
  Processing sample 61851/80000
  Processing sample 61901/80000
  Processing sample 61951/80000
  Processing sample 62001/80000
  Processing sample 62051/80000
  Processing sample 62101/80000
  Processing sample 62151/80000
  Processing sample 62201/80000
  Processing sample 62251/80000
  Processing sample 62301/80000
  Processing sample 62351/80000
  Processing sample 62401/80000
  Processing sample 62451/80000
  Processing sample 62501/80000
  Processing sample 62551/80000
  Processing sample 62601/80000
  Processing sample 62651/80000
  Processing sample 62701/80000
  Processing sample 62751/80000
  Processing sample 62801/80000
  Processing sample 62851/80000
  Processing sample 62901/80000
  Processing sample 62951/80000
  Processing sample 63001/80000
  Processing sample 63051/80000
  Processing sample 63101/80000
  Processing sample 63151/80000
  Processing sample 63201/80000
  Processing sample 63251/80000
  Processing sample 63301/80000
  Processing sample 63351/80000
  Processing sample 63401/80000
  Processing sample 63451/80000
  Processing sample 63501/80000
  Processing sample 63551/80000
  Processing sample 63601/80000
  Processing sample 63651/80000
  Processing sample 63701/80000
  Processing sample 63751/80000
  Processing sample 63801/80000
  Processing sample 63851/80000
  Processing sample 63901/80000
  Processing sample 63951/80000
  Processing sample 64001/80000
  Processing sample 64051/80000
  Processing sample 64101/80000
  Processing sample 64151/80000
  Processing sample 64201/80000
  Processing sample 64251/80000
  Processing sample 64301/80000
  Processing sample 64351/80000
  Processing sample 64401/80000
  Processing sample 64451/80000
  Processing sample 64501/80000
  Processing sample 64551/80000
  Processing sample 64601/80000
  Processing sample 64651/80000
  Processing sample 64701/80000
  Processing sample 64751/80000
  Processing sample 64801/80000
  Processing sample 64851/80000
  Processing sample 64901/80000
  Processing sample 64951/80000
  Processing sample 65001/80000
  Processing sample 65051/80000
  Processing sample 65101/80000
  Processing sample 65151/80000
  Processing sample 65201/80000
  Processing sample 65251/80000
  Processing sample 65301/80000
  Processing sample 65351/80000
  Processing sample 65401/80000
  Processing sample 65451/80000
  Processing sample 65501/80000
  Processing sample 65551/80000
  Processing sample 65601/80000
  Processing sample 65651/80000
  Processing sample 65701/80000
  Processing sample 65751/80000
  Processing sample 65801/80000
  Processing sample 65851/80000
  Processing sample 65901/80000
  Processing sample 65951/80000
  Processing sample 66001/80000
  Processing sample 66051/80000
  Processing sample 66101/80000
  Processing sample 66151/80000
  Processing sample 66201/80000
  Processing sample 66251/80000
  Processing sample 66301/80000
  Processing sample 66351/80000
  Processing sample 66401/80000
  Processing sample 66451/80000
  Processing sample 66501/80000
  Processing sample 66551/80000
  Processing sample 66601/80000
  Processing sample 66651/80000
  Processing sample 66701/80000
  Processing sample 66751/80000
  Processing sample 66801/80000
  Processing sample 66851/80000
  Processing sample 66901/80000
  Processing sample 66951/80000
  Processing sample 67001/80000
  Processing sample 67051/80000
  Processing sample 67101/80000
  Processing sample 67151/80000
  Processing sample 67201/80000
  Processing sample 67251/80000
  Processing sample 67301/80000
  Processing sample 67351/80000
  Processing sample 67401/80000
  Processing sample 67451/80000
  Processing sample 67501/80000
  Processing sample 67551/80000
  Processing sample 67601/80000
  Processing sample 67651/80000
  Processing sample 67701/80000
  Processing sample 67751/80000
  Processing sample 67801/80000
  Processing sample 67851/80000
  Processing sample 67901/80000
  Processing sample 67951/80000
  Processing sample 68001/80000
  Processing sample 68051/80000
  Processing sample 68101/80000
  Processing sample 68151/80000
  Processing sample 68201/80000
  Processing sample 68251/80000
  Processing sample 68301/80000
  Processing sample 68351/80000
  Processing sample 68401/80000
  Processing sample 68451/80000
  Processing sample 68501/80000
  Processing sample 68551/80000
  Processing sample 68601/80000
  Processing sample 68651/80000
  Processing sample 68701/80000
  Processing sample 68751/80000
  Processing sample 68801/80000
  Processing sample 68851/80000
  Processing sample 68901/80000
  Processing sample 68951/80000
  Processing sample 69001/80000
  Processing sample 69051/80000
  Processing sample 69101/80000
  Processing sample 69151/80000
  Processing sample 69201/80000
  Processing sample 69251/80000
  Processing sample 69301/80000
  Processing sample 69351/80000
  Processing sample 69401/80000
  Processing sample 69451/80000
  Processing sample 69501/80000
  Processing sample 69551/80000
  Processing sample 69601/80000
  Processing sample 69651/80000
  Processing sample 69701/80000
  Processing sample 69751/80000
  Processing sample 69801/80000
  Processing sample 69851/80000
  Processing sample 69901/80000
  Processing sample 69951/80000
  Processing sample 70001/80000
  Processing sample 70051/80000
  Processing sample 70101/80000
  Processing sample 70151/80000
  Processing sample 70201/80000
  Processing sample 70251/80000
  Processing sample 70301/80000
  Processing sample 70351/80000
  Processing sample 70401/80000
  Processing sample 70451/80000
  Processing sample 70501/80000
  Processing sample 70551/80000
  Processing sample 70601/80000
  Processing sample 70651/80000
  Processing sample 70701/80000
  Processing sample 70751/80000
  Processing sample 70801/80000
  Processing sample 70851/80000
  Processing sample 70901/80000
  Processing sample 70951/80000
  Processing sample 71001/80000
  Processing sample 71051/80000
  Processing sample 71101/80000
  Processing sample 71151/80000
  Processing sample 71201/80000
  Processing sample 71251/80000
  Processing sample 71301/80000
  Processing sample 71351/80000
  Processing sample 71401/80000
  Processing sample 71451/80000
  Processing sample 71501/80000
  Processing sample 71551/80000
  Processing sample 71601/80000
  Processing sample 71651/80000
  Processing sample 71701/80000
  Processing sample 71751/80000
  Processing sample 71801/80000
  Processing sample 71851/80000
  Processing sample 71901/80000
  Processing sample 71951/80000
  Processing sample 72001/80000
  Processing sample 72051/80000
  Processing sample 72101/80000
  Processing sample 72151/80000
  Processing sample 72201/80000
  Processing sample 72251/80000
  Processing sample 72301/80000
  Processing sample 72351/80000
  Processing sample 72401/80000
  Processing sample 72451/80000
  Processing sample 72501/80000
  Processing sample 72551/80000
  Processing sample 72601/80000
  Processing sample 72651/80000
  Processing sample 72701/80000
  Processing sample 72751/80000
  Processing sample 72801/80000
  Processing sample 72851/80000
  Processing sample 72901/80000
  Processing sample 72951/80000
  Processing sample 73001/80000
  Processing sample 73051/80000
  Processing sample 73101/80000
  Processing sample 73151/80000
  Processing sample 73201/80000
  Processing sample 73251/80000
  Processing sample 73301/80000
  Processing sample 73351/80000
  Processing sample 73401/80000
  Processing sample 73451/80000
  Processing sample 73501/80000
  Processing sample 73551/80000
  Processing sample 73601/80000
  Processing sample 73651/80000
  Processing sample 73701/80000
  Processing sample 73751/80000
  Processing sample 73801/80000
  Processing sample 73851/80000
  Processing sample 73901/80000
  Processing sample 73951/80000
  Processing sample 74001/80000
  Processing sample 74051/80000
  Processing sample 74101/80000
  Processing sample 74151/80000
  Processing sample 74201/80000
  Processing sample 74251/80000
  Processing sample 74301/80000
  Processing sample 74351/80000
  Processing sample 74401/80000
  Processing sample 74451/80000
  Processing sample 74501/80000
  Processing sample 74551/80000
  Processing sample 74601/80000
  Processing sample 74651/80000
  Processing sample 74701/80000
  Processing sample 74751/80000
  Processing sample 74801/80000
  Processing sample 74851/80000
  Processing sample 74901/80000
  Processing sample 74951/80000
  Processing sample 75001/80000
  Processing sample 75051/80000
  Processing sample 75101/80000
  Processing sample 75151/80000
  Processing sample 75201/80000
  Processing sample 75251/80000
  Processing sample 75301/80000
  Processing sample 75351/80000
  Processing sample 75401/80000
  Processing sample 75451/80000
  Processing sample 75501/80000
  Processing sample 75551/80000
  Processing sample 75601/80000
  Processing sample 75651/80000
  Processing sample 75701/80000
  Processing sample 75751/80000
  Processing sample 75801/80000
  Processing sample 75851/80000
  Processing sample 75901/80000
  Processing sample 75951/80000
  Processing sample 76001/80000
  Processing sample 76051/80000
  Processing sample 76101/80000
  Processing sample 76151/80000
  Processing sample 76201/80000
  Processing sample 76251/80000
  Processing sample 76301/80000
  Processing sample 76351/80000
  Processing sample 76401/80000
  Processing sample 76451/80000
  Processing sample 76501/80000
  Processing sample 76551/80000
  Processing sample 76601/80000
  Processing sample 76651/80000
  Processing sample 76701/80000
  Processing sample 76751/80000
  Processing sample 76801/80000
  Processing sample 76851/80000
  Processing sample 76901/80000
  Processing sample 76951/80000
  Processing sample 77001/80000
  Processing sample 77051/80000
  Processing sample 77101/80000
  Processing sample 77151/80000
  Processing sample 77201/80000
  Processing sample 77251/80000
  Processing sample 77301/80000
  Processing sample 77351/80000
  Processing sample 77401/80000
  Processing sample 77451/80000
  Processing sample 77501/80000
  Processing sample 77551/80000
  Processing sample 77601/80000
  Processing sample 77651/80000
  Processing sample 77701/80000
  Processing sample 77751/80000
  Processing sample 77801/80000
  Processing sample 77851/80000
  Processing sample 77901/80000
  Processing sample 77951/80000
  Processing sample 78001/80000
  Processing sample 78051/80000
  Processing sample 78101/80000
  Processing sample 78151/80000
  Processing sample 78201/80000
  Processing sample 78251/80000
  Processing sample 78301/80000
  Processing sample 78351/80000
  Processing sample 78401/80000
  Processing sample 78451/80000
  Processing sample 78501/80000
  Processing sample 78551/80000
  Processing sample 78601/80000
  Processing sample 78651/80000
  Processing sample 78701/80000
  Processing sample 78751/80000
  Processing sample 78801/80000
  Processing sample 78851/80000
  Processing sample 78901/80000
  Processing sample 78951/80000
  Processing sample 79001/80000
  Processing sample 79051/80000
  Processing sample 79101/80000
  Processing sample 79151/80000
  Processing sample 79201/80000
  Processing sample 79251/80000
  Processing sample 79301/80000
  Processing sample 79351/80000
  Processing sample 79401/80000
  Processing sample 79451/80000
  Processing sample 79501/80000
  Processing sample 79551/80000
  Processing sample 79601/80000
  Processing sample 79651/80000
  Processing sample 79701/80000
  Processing sample 79751/80000
  Processing sample 79801/80000
  Processing sample 79851/80000
  Processing sample 79901/80000
  Processing sample 79951/80000
Processing z_c = 30.0
  Processing sample 1/80000
  Processing sample 51/80000
  Processing sample 101/80000
  Processing sample 151/80000
  Processing sample 201/80000
  Processing sample 251/80000
  Processing sample 301/80000
  Processing sample 351/80000
  Processing sample 401/80000
  Processing sample 451/80000
  Processing sample 501/80000
  Processing sample 551/80000
  Processing sample 601/80000
  Processing sample 651/80000
  Processing sample 701/80000
  Processing sample 751/80000
  Processing sample 801/80000
  Processing sample 851/80000
  Processing sample 901/80000
  Processing sample 951/80000
  Processing sample 1001/80000
  Processing sample 1051/80000
  Processing sample 1101/80000
  Processing sample 1151/80000
  Processing sample 1201/80000
  Processing sample 1251/80000
  Processing sample 1301/80000
  Processing sample 1351/80000
  Processing sample 1401/80000
  Processing sample 1451/80000
  Processing sample 1501/80000
  Processing sample 1551/80000
  Processing sample 1601/80000
  Processing sample 1651/80000
  Processing sample 1701/80000
  Processing sample 1751/80000
  Processing sample 1801/80000
  Processing sample 1851/80000
  Processing sample 1901/80000
  Processing sample 1951/80000
  Processing sample 2001/80000
  Processing sample 2051/80000
  Processing sample 2101/80000
  Processing sample 2151/80000
  Processing sample 2201/80000
  Processing sample 2251/80000
  Processing sample 2301/80000
  Processing sample 2351/80000
  Processing sample 2401/80000
  Processing sample 2451/80000
  Processing sample 2501/80000
  Processing sample 2551/80000
  Processing sample 2601/80000
  Processing sample 2651/80000
  Processing sample 2701/80000
  Processing sample 2751/80000
  Processing sample 2801/80000
  Processing sample 2851/80000
  Processing sample 2901/80000
  Processing sample 2951/80000
  Processing sample 3001/80000
  Processing sample 3051/80000
  Processing sample 3101/80000
  Processing sample 3151/80000
  Processing sample 3201/80000
  Processing sample 3251/80000
  Processing sample 3301/80000
  Processing sample 3351/80000
  Processing sample 3401/80000
  Processing sample 3451/80000
  Processing sample 3501/80000
  Processing sample 3551/80000
  Processing sample 3601/80000
  Processing sample 3651/80000
  Processing sample 3701/80000
  Processing sample 3751/80000
  Processing sample 3801/80000
  Processing sample 3851/80000
  Processing sample 3901/80000
  Processing sample 3951/80000
  Processing sample 4001/80000
  Processing sample 4051/80000
  Processing sample 4101/80000
  Processing sample 4151/80000
  Processing sample 4201/80000
  Processing sample 4251/80000
  Processing sample 4301/80000
  Processing sample 4351/80000
  Processing sample 4401/80000
  Processing sample 4451/80000
  Processing sample 4501/80000
  Processing sample 4551/80000
  Processing sample 4601/80000
  Processing sample 4651/80000
  Processing sample 4701/80000
  Processing sample 4751/80000
  Processing sample 4801/80000
  Processing sample 4851/80000
  Processing sample 4901/80000
  Processing sample 4951/80000
  Processing sample 5001/80000
  Processing sample 5051/80000
  Processing sample 5101/80000
  Processing sample 5151/80000
  Processing sample 5201/80000
  Processing sample 5251/80000
  Processing sample 5301/80000
  Processing sample 5351/80000
  Processing sample 5401/80000
  Processing sample 5451/80000
  Processing sample 5501/80000
  Processing sample 5551/80000
  Processing sample 5601/80000
  Processing sample 5651/80000
  Processing sample 5701/80000
  Processing sample 5751/80000
  Processing sample 5801/80000
  Processing sample 5851/80000
  Processing sample 5901/80000
  Processing sample 5951/80000
  Processing sample 6001/80000
  Processing sample 6051/80000
  Processing sample 6101/80000
  Processing sample 6151/80000
  Processing sample 6201/80000
  Processing sample 6251/80000
  Processing sample 6301/80000
  Processing sample 6351/80000
  Processing sample 6401/80000
  Processing sample 6451/80000
  Processing sample 6501/80000
  Processing sample 6551/80000
  Processing sample 6601/80000
  Processing sample 6651/80000
  Processing sample 6701/80000
  Processing sample 6751/80000
  Processing sample 6801/80000
  Processing sample 6851/80000
  Processing sample 6901/80000
  Processing sample 6951/80000
  Processing sample 7001/80000
  Processing sample 7051/80000
  Processing sample 7101/80000
  Processing sample 7151/80000
  Processing sample 7201/80000
  Processing sample 7251/80000
  Processing sample 7301/80000
  Processing sample 7351/80000
  Processing sample 7401/80000
  Processing sample 7451/80000
  Processing sample 7501/80000
  Processing sample 7551/80000
  Processing sample 7601/80000
  Processing sample 7651/80000
  Processing sample 7701/80000
  Processing sample 7751/80000
  Processing sample 7801/80000
  Processing sample 7851/80000
  Processing sample 7901/80000
  Processing sample 7951/80000
  Processing sample 8001/80000
  Processing sample 8051/80000
  Processing sample 8101/80000
  Processing sample 8151/80000
  Processing sample 8201/80000
  Processing sample 8251/80000
  Processing sample 8301/80000
  Processing sample 8351/80000
  Processing sample 8401/80000
  Processing sample 8451/80000
  Processing sample 8501/80000
  Processing sample 8551/80000
  Processing sample 8601/80000
  Processing sample 8651/80000
  Processing sample 8701/80000
  Processing sample 8751/80000
  Processing sample 8801/80000
  Processing sample 8851/80000
  Processing sample 8901/80000
  Processing sample 8951/80000
  Processing sample 9001/80000
  Processing sample 9051/80000
  Processing sample 9101/80000
  Processing sample 9151/80000
  Processing sample 9201/80000
  Processing sample 9251/80000
  Processing sample 9301/80000
  Processing sample 9351/80000
  Processing sample 9401/80000
  Processing sample 9451/80000
  Processing sample 9501/80000
  Processing sample 9551/80000
  Processing sample 9601/80000
  Processing sample 9651/80000
  Processing sample 9701/80000
  Processing sample 9751/80000
  Processing sample 9801/80000
  Processing sample 9851/80000
  Processing sample 9901/80000
  Processing sample 9951/80000
  Processing sample 10001/80000
  Processing sample 10051/80000
  Processing sample 10101/80000
  Processing sample 10151/80000
  Processing sample 10201/80000
  Processing sample 10251/80000
  Processing sample 10301/80000
  Processing sample 10351/80000
  Processing sample 10401/80000
  Processing sample 10451/80000
  Processing sample 10501/80000
  Processing sample 10551/80000
  Processing sample 10601/80000
  Processing sample 10651/80000
  Processing sample 10701/80000
  Processing sample 10751/80000
  Processing sample 10801/80000
  Processing sample 10851/80000
  Processing sample 10901/80000
  Processing sample 10951/80000
  Processing sample 11001/80000
  Processing sample 11051/80000
  Processing sample 11101/80000
  Processing sample 11151/80000
  Processing sample 11201/80000
  Processing sample 11251/80000
  Processing sample 11301/80000
  Processing sample 11351/80000
  Processing sample 11401/80000
  Processing sample 11451/80000
  Processing sample 11501/80000
  Processing sample 11551/80000
  Processing sample 11601/80000
  Processing sample 11651/80000
  Processing sample 11701/80000
  Processing sample 11751/80000
  Processing sample 11801/80000
  Processing sample 11851/80000
  Processing sample 11901/80000
  Processing sample 11951/80000
  Processing sample 12001/80000
  Processing sample 12051/80000
  Processing sample 12101/80000
  Processing sample 12151/80000
  Processing sample 12201/80000
  Processing sample 12251/80000
  Processing sample 12301/80000
  Processing sample 12351/80000
  Processing sample 12401/80000
  Processing sample 12451/80000
  Processing sample 12501/80000
  Processing sample 12551/80000
  Processing sample 12601/80000
  Processing sample 12651/80000
  Processing sample 12701/80000
  Processing sample 12751/80000
  Processing sample 12801/80000
  Processing sample 12851/80000
  Processing sample 12901/80000
  Processing sample 12951/80000
  Processing sample 13001/80000
  Processing sample 13051/80000
  Processing sample 13101/80000
  Processing sample 13151/80000
  Processing sample 13201/80000
  Processing sample 13251/80000
  Processing sample 13301/80000
  Processing sample 13351/80000
  Processing sample 13401/80000
  Processing sample 13451/80000
  Processing sample 13501/80000
  Processing sample 13551/80000
  Processing sample 13601/80000
  Processing sample 13651/80000
  Processing sample 13701/80000
  Processing sample 13751/80000
  Processing sample 13801/80000
  Processing sample 13851/80000
  Processing sample 13901/80000
  Processing sample 13951/80000
  Processing sample 14001/80000
  Processing sample 14051/80000
  Processing sample 14101/80000
  Processing sample 14151/80000
  Processing sample 14201/80000
  Processing sample 14251/80000
  Processing sample 14301/80000
  Processing sample 14351/80000
  Processing sample 14401/80000
  Processing sample 14451/80000
  Processing sample 14501/80000
  Processing sample 14551/80000
  Processing sample 14601/80000
  Processing sample 14651/80000
  Processing sample 14701/80000
  Processing sample 14751/80000
  Processing sample 14801/80000
  Processing sample 14851/80000
  Processing sample 14901/80000
  Processing sample 14951/80000
  Processing sample 15001/80000
  Processing sample 15051/80000
  Processing sample 15101/80000
  Processing sample 15151/80000
  Processing sample 15201/80000
  Processing sample 15251/80000
  Processing sample 15301/80000
  Processing sample 15351/80000
  Processing sample 15401/80000
  Processing sample 15451/80000
  Processing sample 15501/80000
  Processing sample 15551/80000
  Processing sample 15601/80000
  Processing sample 15651/80000
  Processing sample 15701/80000
  Processing sample 15751/80000
  Processing sample 15801/80000
  Processing sample 15851/80000
  Processing sample 15901/80000
  Processing sample 15951/80000
  Processing sample 16001/80000
  Processing sample 16051/80000
  Processing sample 16101/80000
  Processing sample 16151/80000
  Processing sample 16201/80000
  Processing sample 16251/80000
  Processing sample 16301/80000
  Processing sample 16351/80000
  Processing sample 16401/80000
  Processing sample 16451/80000
  Processing sample 16501/80000
  Processing sample 16551/80000
  Processing sample 16601/80000
  Processing sample 16651/80000
  Processing sample 16701/80000
  Processing sample 16751/80000
  Processing sample 16801/80000
  Processing sample 16851/80000
  Processing sample 16901/80000
  Processing sample 16951/80000
  Processing sample 17001/80000
  Processing sample 17051/80000
  Processing sample 17101/80000
  Processing sample 17151/80000
  Processing sample 17201/80000
  Processing sample 17251/80000
  Processing sample 17301/80000
  Processing sample 17351/80000
  Processing sample 17401/80000
  Processing sample 17451/80000
  Processing sample 17501/80000
  Processing sample 17551/80000
  Processing sample 17601/80000
  Processing sample 17651/80000
  Processing sample 17701/80000
  Processing sample 17751/80000
  Processing sample 17801/80000
  Processing sample 17851/80000
  Processing sample 17901/80000
  Processing sample 17951/80000
  Processing sample 18001/80000
  Processing sample 18051/80000
  Processing sample 18101/80000
  Processing sample 18151/80000
  Processing sample 18201/80000
  Processing sample 18251/80000
  Processing sample 18301/80000
  Processing sample 18351/80000
  Processing sample 18401/80000
  Processing sample 18451/80000
  Processing sample 18501/80000
  Processing sample 18551/80000
  Processing sample 18601/80000
  Processing sample 18651/80000
  Processing sample 18701/80000
  Processing sample 18751/80000
  Processing sample 18801/80000
  Processing sample 18851/80000
  Processing sample 18901/80000
  Processing sample 18951/80000
  Processing sample 19001/80000
  Processing sample 19051/80000
  Processing sample 19101/80000
  Processing sample 19151/80000
  Processing sample 19201/80000
  Processing sample 19251/80000
  Processing sample 19301/80000
  Processing sample 19351/80000
  Processing sample 19401/80000
  Processing sample 19451/80000
  Processing sample 19501/80000
  Processing sample 19551/80000
  Processing sample 19601/80000
  Processing sample 19651/80000
  Processing sample 19701/80000
  Processing sample 19751/80000
  Processing sample 19801/80000
  Processing sample 19851/80000
  Processing sample 19901/80000
  Processing sample 19951/80000
  Processing sample 20001/80000
  Processing sample 20051/80000
  Processing sample 20101/80000
  Processing sample 20151/80000
  Processing sample 20201/80000
  Processing sample 20251/80000
  Processing sample 20301/80000
  Processing sample 20351/80000
  Processing sample 20401/80000
  Processing sample 20451/80000
  Processing sample 20501/80000
  Processing sample 20551/80000
  Processing sample 20601/80000
  Processing sample 20651/80000
  Processing sample 20701/80000
  Processing sample 20751/80000
  Processing sample 20801/80000
  Processing sample 20851/80000
  Processing sample 20901/80000
  Processing sample 20951/80000
  Processing sample 21001/80000
  Processing sample 21051/80000
  Processing sample 21101/80000
  Processing sample 21151/80000
  Processing sample 21201/80000
  Processing sample 21251/80000
  Processing sample 21301/80000
  Processing sample 21351/80000
  Processing sample 21401/80000
  Processing sample 21451/80000
  Processing sample 21501/80000
  Processing sample 21551/80000
  Processing sample 21601/80000
  Processing sample 21651/80000
  Processing sample 21701/80000
  Processing sample 21751/80000
  Processing sample 21801/80000
  Processing sample 21851/80000
  Processing sample 21901/80000
  Processing sample 21951/80000
  Processing sample 22001/80000
  Processing sample 22051/80000
  Processing sample 22101/80000
  Processing sample 22151/80000
  Processing sample 22201/80000
  Processing sample 22251/80000
  Processing sample 22301/80000
  Processing sample 22351/80000
  Processing sample 22401/80000
  Processing sample 22451/80000
  Processing sample 22501/80000
  Processing sample 22551/80000
  Processing sample 22601/80000
  Processing sample 22651/80000
  Processing sample 22701/80000
  Processing sample 22751/80000
  Processing sample 22801/80000
  Processing sample 22851/80000
  Processing sample 22901/80000
  Processing sample 22951/80000
  Processing sample 23001/80000
  Processing sample 23051/80000
  Processing sample 23101/80000
  Processing sample 23151/80000
  Processing sample 23201/80000
  Processing sample 23251/80000
  Processing sample 23301/80000
  Processing sample 23351/80000
  Processing sample 23401/80000
  Processing sample 23451/80000
  Processing sample 23501/80000
  Processing sample 23551/80000
  Processing sample 23601/80000
  Processing sample 23651/80000
  Processing sample 23701/80000
  Processing sample 23751/80000
  Processing sample 23801/80000
  Processing sample 23851/80000
  Processing sample 23901/80000
  Processing sample 23951/80000
  Processing sample 24001/80000
  Processing sample 24051/80000
  Processing sample 24101/80000
  Processing sample 24151/80000
  Processing sample 24201/80000
  Processing sample 24251/80000
  Processing sample 24301/80000
  Processing sample 24351/80000
  Processing sample 24401/80000
  Processing sample 24451/80000
  Processing sample 24501/80000
  Processing sample 24551/80000
  Processing sample 24601/80000
  Processing sample 24651/80000
  Processing sample 24701/80000
  Processing sample 24751/80000
  Processing sample 24801/80000
  Processing sample 24851/80000
  Processing sample 24901/80000
  Processing sample 24951/80000
  Processing sample 25001/80000
  Processing sample 25051/80000
  Processing sample 25101/80000
  Processing sample 25151/80000
  Processing sample 25201/80000
  Processing sample 25251/80000
  Processing sample 25301/80000
  Processing sample 25351/80000
  Processing sample 25401/80000
  Processing sample 25451/80000
  Processing sample 25501/80000
  Processing sample 25551/80000
  Processing sample 25601/80000
  Processing sample 25651/80000
  Processing sample 25701/80000
  Processing sample 25751/80000
  Processing sample 25801/80000
  Processing sample 25851/80000
  Processing sample 25901/80000
  Processing sample 25951/80000
  Processing sample 26001/80000
  Processing sample 26051/80000
  Processing sample 26101/80000
  Processing sample 26151/80000
  Processing sample 26201/80000
  Processing sample 26251/80000
  Processing sample 26301/80000
  Processing sample 26351/80000
  Processing sample 26401/80000
  Processing sample 26451/80000
  Processing sample 26501/80000
  Processing sample 26551/80000
  Processing sample 26601/80000
  Processing sample 26651/80000
  Processing sample 26701/80000
  Processing sample 26751/80000
  Processing sample 26801/80000
  Processing sample 26851/80000
  Processing sample 26901/80000
  Processing sample 26951/80000
  Processing sample 27001/80000
  Processing sample 27051/80000
  Processing sample 27101/80000
  Processing sample 27151/80000
  Processing sample 27201/80000
  Processing sample 27251/80000
  Processing sample 27301/80000
  Processing sample 27351/80000
  Processing sample 27401/80000
  Processing sample 27451/80000
  Processing sample 27501/80000
  Processing sample 27551/80000
  Processing sample 27601/80000
  Processing sample 27651/80000
  Processing sample 27701/80000
  Processing sample 27751/80000
  Processing sample 27801/80000
  Processing sample 27851/80000
  Processing sample 27901/80000
  Processing sample 27951/80000
  Processing sample 28001/80000
  Processing sample 28051/80000
  Processing sample 28101/80000
  Processing sample 28151/80000
  Processing sample 28201/80000
  Processing sample 28251/80000
  Processing sample 28301/80000
  Processing sample 28351/80000
  Processing sample 28401/80000
  Processing sample 28451/80000
  Processing sample 28501/80000
  Processing sample 28551/80000
  Processing sample 28601/80000
  Processing sample 28651/80000
  Processing sample 28701/80000
  Processing sample 28751/80000
  Processing sample 28801/80000
  Processing sample 28851/80000
  Processing sample 28901/80000
  Processing sample 28951/80000
  Processing sample 29001/80000
  Processing sample 29051/80000
  Processing sample 29101/80000
  Processing sample 29151/80000
  Processing sample 29201/80000
  Processing sample 29251/80000
  Processing sample 29301/80000
  Processing sample 29351/80000
  Processing sample 29401/80000
  Processing sample 29451/80000
  Processing sample 29501/80000
  Processing sample 29551/80000
  Processing sample 29601/80000
  Processing sample 29651/80000
  Processing sample 29701/80000
  Processing sample 29751/80000
  Processing sample 29801/80000
  Processing sample 29851/80000
  Processing sample 29901/80000
  Processing sample 29951/80000
  Processing sample 30001/80000
  Processing sample 30051/80000
  Processing sample 30101/80000
  Processing sample 30151/80000
  Processing sample 30201/80000
  Processing sample 30251/80000
  Processing sample 30301/80000
  Processing sample 30351/80000
  Processing sample 30401/80000
  Processing sample 30451/80000
  Processing sample 30501/80000
  Processing sample 30551/80000
  Processing sample 30601/80000
  Processing sample 30651/80000
  Processing sample 30701/80000
  Processing sample 30751/80000
  Processing sample 30801/80000
  Processing sample 30851/80000
  Processing sample 30901/80000
  Processing sample 30951/80000
  Processing sample 31001/80000
  Processing sample 31051/80000
  Processing sample 31101/80000
  Processing sample 31151/80000
  Processing sample 31201/80000
  Processing sample 31251/80000
  Processing sample 31301/80000
  Processing sample 31351/80000
  Processing sample 31401/80000
  Processing sample 31451/80000
  Processing sample 31501/80000
  Processing sample 31551/80000
  Processing sample 31601/80000
  Processing sample 31651/80000
  Processing sample 31701/80000
  Processing sample 31751/80000
  Processing sample 31801/80000
  Processing sample 31851/80000
  Processing sample 31901/80000
  Processing sample 31951/80000
  Processing sample 32001/80000
  Processing sample 32051/80000
  Processing sample 32101/80000
  Processing sample 32151/80000
  Processing sample 32201/80000
  Processing sample 32251/80000
  Processing sample 32301/80000
  Processing sample 32351/80000
  Processing sample 32401/80000
  Processing sample 32451/80000
  Processing sample 32501/80000
  Processing sample 32551/80000
  Processing sample 32601/80000
  Processing sample 32651/80000
  Processing sample 32701/80000
  Processing sample 32751/80000
  Processing sample 32801/80000
  Processing sample 32851/80000
  Processing sample 32901/80000
  Processing sample 32951/80000
  Processing sample 33001/80000
  Processing sample 33051/80000
  Processing sample 33101/80000
  Processing sample 33151/80000
  Processing sample 33201/80000
  Processing sample 33251/80000
  Processing sample 33301/80000
  Processing sample 33351/80000
  Processing sample 33401/80000
  Processing sample 33451/80000
  Processing sample 33501/80000
  Processing sample 33551/80000
  Processing sample 33601/80000
  Processing sample 33651/80000
  Processing sample 33701/80000
  Processing sample 33751/80000
  Processing sample 33801/80000
  Processing sample 33851/80000
  Processing sample 33901/80000
  Processing sample 33951/80000
  Processing sample 34001/80000
  Processing sample 34051/80000
  Processing sample 34101/80000
  Processing sample 34151/80000
  Processing sample 34201/80000
  Processing sample 34251/80000
  Processing sample 34301/80000
  Processing sample 34351/80000
  Processing sample 34401/80000
  Processing sample 34451/80000
  Processing sample 34501/80000
  Processing sample 34551/80000
  Processing sample 34601/80000
  Processing sample 34651/80000
  Processing sample 34701/80000
  Processing sample 34751/80000
  Processing sample 34801/80000
  Processing sample 34851/80000
  Processing sample 34901/80000
  Processing sample 34951/80000
  Processing sample 35001/80000
  Processing sample 35051/80000
  Processing sample 35101/80000
  Processing sample 35151/80000
  Processing sample 35201/80000
  Processing sample 35251/80000
  Processing sample 35301/80000
  Processing sample 35351/80000
  Processing sample 35401/80000
  Processing sample 35451/80000
  Processing sample 35501/80000
  Processing sample 35551/80000
  Processing sample 35601/80000
  Processing sample 35651/80000
  Processing sample 35701/80000
  Processing sample 35751/80000
  Processing sample 35801/80000
  Processing sample 35851/80000
  Processing sample 35901/80000
  Processing sample 35951/80000
  Processing sample 36001/80000
  Processing sample 36051/80000
  Processing sample 36101/80000
  Processing sample 36151/80000
  Processing sample 36201/80000
  Processing sample 36251/80000
  Processing sample 36301/80000
  Processing sample 36351/80000
  Processing sample 36401/80000
  Processing sample 36451/80000
  Processing sample 36501/80000
  Processing sample 36551/80000
  Processing sample 36601/80000
  Processing sample 36651/80000
  Processing sample 36701/80000
  Processing sample 36751/80000
  Processing sample 36801/80000
  Processing sample 36851/80000
  Processing sample 36901/80000
  Processing sample 36951/80000
  Processing sample 37001/80000
  Processing sample 37051/80000
  Processing sample 37101/80000
  Processing sample 37151/80000
  Processing sample 37201/80000
  Processing sample 37251/80000
  Processing sample 37301/80000
  Processing sample 37351/80000
  Processing sample 37401/80000
  Processing sample 37451/80000
  Processing sample 37501/80000
  Processing sample 37551/80000
  Processing sample 37601/80000
  Processing sample 37651/80000
  Processing sample 37701/80000
  Processing sample 37751/80000
  Processing sample 37801/80000
  Processing sample 37851/80000
  Processing sample 37901/80000
  Processing sample 37951/80000
  Processing sample 38001/80000
  Processing sample 38051/80000
  Processing sample 38101/80000
  Processing sample 38151/80000
  Processing sample 38201/80000
  Processing sample 38251/80000
  Processing sample 38301/80000
  Processing sample 38351/80000
  Processing sample 38401/80000
  Processing sample 38451/80000
  Processing sample 38501/80000
  Processing sample 38551/80000
  Processing sample 38601/80000
  Processing sample 38651/80000
  Processing sample 38701/80000
  Processing sample 38751/80000
  Processing sample 38801/80000
  Processing sample 38851/80000
  Processing sample 38901/80000
  Processing sample 38951/80000
  Processing sample 39001/80000
  Processing sample 39051/80000
  Processing sample 39101/80000
  Processing sample 39151/80000
  Processing sample 39201/80000
  Processing sample 39251/80000
  Processing sample 39301/80000
  Processing sample 39351/80000
  Processing sample 39401/80000
  Processing sample 39451/80000
  Processing sample 39501/80000
  Processing sample 39551/80000
  Processing sample 39601/80000
  Processing sample 39651/80000
  Processing sample 39701/80000
  Processing sample 39751/80000
  Processing sample 39801/80000
  Processing sample 39851/80000
  Processing sample 39901/80000
  Processing sample 39951/80000
  Processing sample 40001/80000
  Processing sample 40051/80000
  Processing sample 40101/80000
  Processing sample 40151/80000
  Processing sample 40201/80000
  Processing sample 40251/80000
  Processing sample 40301/80000
  Processing sample 40351/80000
  Processing sample 40401/80000
  Processing sample 40451/80000
  Processing sample 40501/80000
  Processing sample 40551/80000
  Processing sample 40601/80000
  Processing sample 40651/80000
  Processing sample 40701/80000
  Processing sample 40751/80000
  Processing sample 40801/80000
  Processing sample 40851/80000
  Processing sample 40901/80000
  Processing sample 40951/80000
  Processing sample 41001/80000
  Processing sample 41051/80000
  Processing sample 41101/80000
  Processing sample 41151/80000
  Processing sample 41201/80000
  Processing sample 41251/80000
  Processing sample 41301/80000
  Processing sample 41351/80000
  Processing sample 41401/80000
  Processing sample 41451/80000
  Processing sample 41501/80000
  Processing sample 41551/80000
  Processing sample 41601/80000
  Processing sample 41651/80000
  Processing sample 41701/80000
  Processing sample 41751/80000
  Processing sample 41801/80000
  Processing sample 41851/80000
  Processing sample 41901/80000
  Processing sample 41951/80000
  Processing sample 42001/80000
  Processing sample 42051/80000
  Processing sample 42101/80000
  Processing sample 42151/80000
  Processing sample 42201/80000
  Processing sample 42251/80000
  Processing sample 42301/80000
  Processing sample 42351/80000
  Processing sample 42401/80000
  Processing sample 42451/80000
  Processing sample 42501/80000
  Processing sample 42551/80000
  Processing sample 42601/80000
  Processing sample 42651/80000
  Processing sample 42701/80000
  Processing sample 42751/80000
  Processing sample 42801/80000
  Processing sample 42851/80000
  Processing sample 42901/80000
  Processing sample 42951/80000
  Processing sample 43001/80000
  Processing sample 43051/80000
  Processing sample 43101/80000
  Processing sample 43151/80000
  Processing sample 43201/80000
  Processing sample 43251/80000
  Processing sample 43301/80000
  Processing sample 43351/80000
  Processing sample 43401/80000
  Processing sample 43451/80000
  Processing sample 43501/80000
  Processing sample 43551/80000
  Processing sample 43601/80000
  Processing sample 43651/80000
  Processing sample 43701/80000
  Processing sample 43751/80000
  Processing sample 43801/80000
  Processing sample 43851/80000
  Processing sample 43901/80000
  Processing sample 43951/80000
  Processing sample 44001/80000
  Processing sample 44051/80000
  Processing sample 44101/80000
  Processing sample 44151/80000
  Processing sample 44201/80000
  Processing sample 44251/80000
  Processing sample 44301/80000
  Processing sample 44351/80000
  Processing sample 44401/80000
  Processing sample 44451/80000
  Processing sample 44501/80000
  Processing sample 44551/80000
  Processing sample 44601/80000
  Processing sample 44651/80000
  Processing sample 44701/80000
  Processing sample 44751/80000
  Processing sample 44801/80000
  Processing sample 44851/80000
  Processing sample 44901/80000
  Processing sample 44951/80000
  Processing sample 45001/80000
  Processing sample 45051/80000
  Processing sample 45101/80000
  Processing sample 45151/80000
  Processing sample 45201/80000
  Processing sample 45251/80000
  Processing sample 45301/80000
  Processing sample 45351/80000
  Processing sample 45401/80000
  Processing sample 45451/80000
  Processing sample 45501/80000
  Processing sample 45551/80000
  Processing sample 45601/80000
  Processing sample 45651/80000
  Processing sample 45701/80000
  Processing sample 45751/80000
  Processing sample 45801/80000
  Processing sample 45851/80000
  Processing sample 45901/80000
  Processing sample 45951/80000
  Processing sample 46001/80000
  Processing sample 46051/80000
  Processing sample 46101/80000
  Processing sample 46151/80000
  Processing sample 46201/80000
  Processing sample 46251/80000
  Processing sample 46301/80000
  Processing sample 46351/80000
  Processing sample 46401/80000
  Processing sample 46451/80000
  Processing sample 46501/80000
  Processing sample 46551/80000
  Processing sample 46601/80000
  Processing sample 46651/80000
  Processing sample 46701/80000
  Processing sample 46751/80000
  Processing sample 46801/80000
  Processing sample 46851/80000
  Processing sample 46901/80000
  Processing sample 46951/80000
  Processing sample 47001/80000
  Processing sample 47051/80000
  Processing sample 47101/80000
  Processing sample 47151/80000
  Processing sample 47201/80000
  Processing sample 47251/80000
  Processing sample 47301/80000
  Processing sample 47351/80000
  Processing sample 47401/80000
  Processing sample 47451/80000
  Processing sample 47501/80000
  Processing sample 47551/80000
  Processing sample 47601/80000
  Processing sample 47651/80000
  Processing sample 47701/80000
  Processing sample 47751/80000
  Processing sample 47801/80000
  Processing sample 47851/80000
  Processing sample 47901/80000
  Processing sample 47951/80000
  Processing sample 48001/80000
  Processing sample 48051/80000
  Processing sample 48101/80000
  Processing sample 48151/80000
  Processing sample 48201/80000
  Processing sample 48251/80000
  Processing sample 48301/80000
  Processing sample 48351/80000
  Processing sample 48401/80000
  Processing sample 48451/80000
  Processing sample 48501/80000
  Processing sample 48551/80000
  Processing sample 48601/80000
  Processing sample 48651/80000
  Processing sample 48701/80000
  Processing sample 48751/80000
  Processing sample 48801/80000
  Processing sample 48851/80000
  Processing sample 48901/80000
  Processing sample 48951/80000
  Processing sample 49001/80000
  Processing sample 49051/80000
  Processing sample 49101/80000
  Processing sample 49151/80000
  Processing sample 49201/80000
  Processing sample 49251/80000
  Processing sample 49301/80000
  Processing sample 49351/80000
  Processing sample 49401/80000
  Processing sample 49451/80000
  Processing sample 49501/80000
  Processing sample 49551/80000
  Processing sample 49601/80000
  Processing sample 49651/80000
  Processing sample 49701/80000
  Processing sample 49751/80000
  Processing sample 49801/80000
  Processing sample 49851/80000
  Processing sample 49901/80000
  Processing sample 49951/80000
  Processing sample 50001/80000
  Processing sample 50051/80000
  Processing sample 50101/80000
  Processing sample 50151/80000
  Processing sample 50201/80000
  Processing sample 50251/80000
  Processing sample 50301/80000
  Processing sample 50351/80000
  Processing sample 50401/80000
  Processing sample 50451/80000
  Processing sample 50501/80000
  Processing sample 50551/80000
  Processing sample 50601/80000
  Processing sample 50651/80000
  Processing sample 50701/80000
  Processing sample 50751/80000
  Processing sample 50801/80000
  Processing sample 50851/80000
  Processing sample 50901/80000
  Processing sample 50951/80000
  Processing sample 51001/80000
  Processing sample 51051/80000
  Processing sample 51101/80000
  Processing sample 51151/80000
  Processing sample 51201/80000
  Processing sample 51251/80000
  Processing sample 51301/80000
  Processing sample 51351/80000
  Processing sample 51401/80000
  Processing sample 51451/80000
  Processing sample 51501/80000
  Processing sample 51551/80000
  Processing sample 51601/80000
  Processing sample 51651/80000
  Processing sample 51701/80000
  Processing sample 51751/80000
  Processing sample 51801/80000
  Processing sample 51851/80000
  Processing sample 51901/80000
  Processing sample 51951/80000
  Processing sample 52001/80000
  Processing sample 52051/80000
  Processing sample 52101/80000
  Processing sample 52151/80000
  Processing sample 52201/80000
  Processing sample 52251/80000
  Processing sample 52301/80000
  Processing sample 52351/80000
  Processing sample 52401/80000
  Processing sample 52451/80000
  Processing sample 52501/80000
  Processing sample 52551/80000
  Processing sample 52601/80000
  Processing sample 52651/80000
  Processing sample 52701/80000
  Processing sample 52751/80000
  Processing sample 52801/80000
  Processing sample 52851/80000
  Processing sample 52901/80000
  Processing sample 52951/80000
  Processing sample 53001/80000
  Processing sample 53051/80000
  Processing sample 53101/80000
  Processing sample 53151/80000
  Processing sample 53201/80000
  Processing sample 53251/80000
  Processing sample 53301/80000
  Processing sample 53351/80000
  Processing sample 53401/80000
  Processing sample 53451/80000
  Processing sample 53501/80000
  Processing sample 53551/80000
  Processing sample 53601/80000
  Processing sample 53651/80000
  Processing sample 53701/80000
  Processing sample 53751/80000
  Processing sample 53801/80000
  Processing sample 53851/80000
  Processing sample 53901/80000
  Processing sample 53951/80000
  Processing sample 54001/80000
  Processing sample 54051/80000
  Processing sample 54101/80000
  Processing sample 54151/80000
  Processing sample 54201/80000
  Processing sample 54251/80000
  Processing sample 54301/80000
  Processing sample 54351/80000
  Processing sample 54401/80000
  Processing sample 54451/80000
  Processing sample 54501/80000
  Processing sample 54551/80000
  Processing sample 54601/80000
  Processing sample 54651/80000
  Processing sample 54701/80000
  Processing sample 54751/80000
  Processing sample 54801/80000
  Processing sample 54851/80000
  Processing sample 54901/80000
  Processing sample 54951/80000
  Processing sample 55001/80000
  Processing sample 55051/80000
  Processing sample 55101/80000
  Processing sample 55151/80000
  Processing sample 55201/80000
  Processing sample 55251/80000
  Processing sample 55301/80000
  Processing sample 55351/80000
  Processing sample 55401/80000
  Processing sample 55451/80000
  Processing sample 55501/80000
  Processing sample 55551/80000
  Processing sample 55601/80000
  Processing sample 55651/80000
  Processing sample 55701/80000
  Processing sample 55751/80000
  Processing sample 55801/80000
  Processing sample 55851/80000
  Processing sample 55901/80000
  Processing sample 55951/80000
  Processing sample 56001/80000
  Processing sample 56051/80000
  Processing sample 56101/80000
  Processing sample 56151/80000
  Processing sample 56201/80000
  Processing sample 56251/80000
  Processing sample 56301/80000
  Processing sample 56351/80000
  Processing sample 56401/80000
  Processing sample 56451/80000
  Processing sample 56501/80000
  Processing sample 56551/80000
  Processing sample 56601/80000
  Processing sample 56651/80000
  Processing sample 56701/80000
  Processing sample 56751/80000
  Processing sample 56801/80000
  Processing sample 56851/80000
  Processing sample 56901/80000
  Processing sample 56951/80000
  Processing sample 57001/80000
  Processing sample 57051/80000
  Processing sample 57101/80000
  Processing sample 57151/80000
  Processing sample 57201/80000
  Processing sample 57251/80000
  Processing sample 57301/80000
  Processing sample 57351/80000
  Processing sample 57401/80000
  Processing sample 57451/80000
  Processing sample 57501/80000
  Processing sample 57551/80000
  Processing sample 57601/80000
  Processing sample 57651/80000
  Processing sample 57701/80000
  Processing sample 57751/80000
  Processing sample 57801/80000
  Processing sample 57851/80000
  Processing sample 57901/80000
  Processing sample 57951/80000
  Processing sample 58001/80000
  Processing sample 58051/80000
  Processing sample 58101/80000
  Processing sample 58151/80000
  Processing sample 58201/80000
  Processing sample 58251/80000
  Processing sample 58301/80000
  Processing sample 58351/80000
  Processing sample 58401/80000
  Processing sample 58451/80000
  Processing sample 58501/80000
  Processing sample 58551/80000
  Processing sample 58601/80000
  Processing sample 58651/80000
  Processing sample 58701/80000
  Processing sample 58751/80000
  Processing sample 58801/80000
  Processing sample 58851/80000
  Processing sample 58901/80000
  Processing sample 58951/80000
  Processing sample 59001/80000
  Processing sample 59051/80000
  Processing sample 59101/80000
  Processing sample 59151/80000
  Processing sample 59201/80000
  Processing sample 59251/80000
  Processing sample 59301/80000
  Processing sample 59351/80000
  Processing sample 59401/80000
  Processing sample 59451/80000
  Processing sample 59501/80000
  Processing sample 59551/80000
  Processing sample 59601/80000
  Processing sample 59651/80000
  Processing sample 59701/80000
  Processing sample 59751/80000
  Processing sample 59801/80000
  Processing sample 59851/80000
  Processing sample 59901/80000
  Processing sample 59951/80000
  Processing sample 60001/80000
  Processing sample 60051/80000
  Processing sample 60101/80000
  Processing sample 60151/80000
  Processing sample 60201/80000
  Processing sample 60251/80000
  Processing sample 60301/80000
  Processing sample 60351/80000
  Processing sample 60401/80000
  Processing sample 60451/80000
  Processing sample 60501/80000
  Processing sample 60551/80000
  Processing sample 60601/80000
  Processing sample 60651/80000
  Processing sample 60701/80000
  Processing sample 60751/80000
  Processing sample 60801/80000
  Processing sample 60851/80000
  Processing sample 60901/80000
  Processing sample 60951/80000
  Processing sample 61001/80000
  Processing sample 61051/80000
  Processing sample 61101/80000
  Processing sample 61151/80000
  Processing sample 61201/80000
  Processing sample 61251/80000
  Processing sample 61301/80000
  Processing sample 61351/80000
  Processing sample 61401/80000
  Processing sample 61451/80000
  Processing sample 61501/80000
  Processing sample 61551/80000
  Processing sample 61601/80000
  Processing sample 61651/80000
  Processing sample 61701/80000
  Processing sample 61751/80000
  Processing sample 61801/80000
  Processing sample 61851/80000
  Processing sample 61901/80000
  Processing sample 61951/80000
  Processing sample 62001/80000
  Processing sample 62051/80000
  Processing sample 62101/80000
  Processing sample 62151/80000
  Processing sample 62201/80000
  Processing sample 62251/80000
  Processing sample 62301/80000
  Processing sample 62351/80000
  Processing sample 62401/80000
  Processing sample 62451/80000
  Processing sample 62501/80000
  Processing sample 62551/80000
  Processing sample 62601/80000
  Processing sample 62651/80000
  Processing sample 62701/80000
  Processing sample 62751/80000
  Processing sample 62801/80000
  Processing sample 62851/80000
  Processing sample 62901/80000
  Processing sample 62951/80000
  Processing sample 63001/80000
  Processing sample 63051/80000
  Processing sample 63101/80000
  Processing sample 63151/80000
  Processing sample 63201/80000
  Processing sample 63251/80000
  Processing sample 63301/80000
  Processing sample 63351/80000
  Processing sample 63401/80000
  Processing sample 63451/80000
  Processing sample 63501/80000
  Processing sample 63551/80000
  Processing sample 63601/80000
  Processing sample 63651/80000
  Processing sample 63701/80000
  Processing sample 63751/80000
  Processing sample 63801/80000
  Processing sample 63851/80000
  Processing sample 63901/80000
  Processing sample 63951/80000
  Processing sample 64001/80000
  Processing sample 64051/80000
  Processing sample 64101/80000
  Processing sample 64151/80000
  Processing sample 64201/80000
  Processing sample 64251/80000
  Processing sample 64301/80000
  Processing sample 64351/80000
  Processing sample 64401/80000
  Processing sample 64451/80000
  Processing sample 64501/80000
  Processing sample 64551/80000
  Processing sample 64601/80000
  Processing sample 64651/80000
  Processing sample 64701/80000
  Processing sample 64751/80000
  Processing sample 64801/80000
  Processing sample 64851/80000
  Processing sample 64901/80000
  Processing sample 64951/80000
  Processing sample 65001/80000
  Processing sample 65051/80000
  Processing sample 65101/80000
  Processing sample 65151/80000
  Processing sample 65201/80000
  Processing sample 65251/80000
  Processing sample 65301/80000
  Processing sample 65351/80000
  Processing sample 65401/80000
  Processing sample 65451/80000
  Processing sample 65501/80000
  Processing sample 65551/80000
  Processing sample 65601/80000
  Processing sample 65651/80000
  Processing sample 65701/80000
  Processing sample 65751/80000
  Processing sample 65801/80000
  Processing sample 65851/80000
  Processing sample 65901/80000
  Processing sample 65951/80000
  Processing sample 66001/80000
  Processing sample 66051/80000
  Processing sample 66101/80000
  Processing sample 66151/80000
  Processing sample 66201/80000
  Processing sample 66251/80000
  Processing sample 66301/80000
  Processing sample 66351/80000
  Processing sample 66401/80000
  Processing sample 66451/80000
  Processing sample 66501/80000
  Processing sample 66551/80000
  Processing sample 66601/80000
  Processing sample 66651/80000
  Processing sample 66701/80000
  Processing sample 66751/80000
  Processing sample 66801/80000
  Processing sample 66851/80000
  Processing sample 66901/80000
  Processing sample 66951/80000
  Processing sample 67001/80000
  Processing sample 67051/80000
  Processing sample 67101/80000
  Processing sample 67151/80000
  Processing sample 67201/80000
  Processing sample 67251/80000
  Processing sample 67301/80000
  Processing sample 67351/80000
  Processing sample 67401/80000
  Processing sample 67451/80000
  Processing sample 67501/80000
  Processing sample 67551/80000
  Processing sample 67601/80000
  Processing sample 67651/80000
  Processing sample 67701/80000
  Processing sample 67751/80000
  Processing sample 67801/80000
  Processing sample 67851/80000
  Processing sample 67901/80000
  Processing sample 67951/80000
  Processing sample 68001/80000
  Processing sample 68051/80000
  Processing sample 68101/80000
  Processing sample 68151/80000
  Processing sample 68201/80000
  Processing sample 68251/80000
  Processing sample 68301/80000
  Processing sample 68351/80000
  Processing sample 68401/80000
  Processing sample 68451/80000
  Processing sample 68501/80000
  Processing sample 68551/80000
  Processing sample 68601/80000
  Processing sample 68651/80000
  Processing sample 68701/80000
  Processing sample 68751/80000
  Processing sample 68801/80000
  Processing sample 68851/80000
  Processing sample 68901/80000
  Processing sample 68951/80000
  Processing sample 69001/80000
  Processing sample 69051/80000
  Processing sample 69101/80000
  Processing sample 69151/80000
  Processing sample 69201/80000
  Processing sample 69251/80000
  Processing sample 69301/80000
  Processing sample 69351/80000
  Processing sample 69401/80000
  Processing sample 69451/80000
  Processing sample 69501/80000
  Processing sample 69551/80000
  Processing sample 69601/80000
  Processing sample 69651/80000
  Processing sample 69701/80000
  Processing sample 69751/80000
  Processing sample 69801/80000
  Processing sample 69851/80000
  Processing sample 69901/80000
  Processing sample 69951/80000
  Processing sample 70001/80000
  Processing sample 70051/80000
  Processing sample 70101/80000
  Processing sample 70151/80000
  Processing sample 70201/80000
  Processing sample 70251/80000
  Processing sample 70301/80000
  Processing sample 70351/80000
  Processing sample 70401/80000
  Processing sample 70451/80000
  Processing sample 70501/80000
  Processing sample 70551/80000
  Processing sample 70601/80000
  Processing sample 70651/80000
  Processing sample 70701/80000
  Processing sample 70751/80000
  Processing sample 70801/80000
  Processing sample 70851/80000
  Processing sample 70901/80000
  Processing sample 70951/80000
  Processing sample 71001/80000
  Processing sample 71051/80000
  Processing sample 71101/80000
  Processing sample 71151/80000
  Processing sample 71201/80000
  Processing sample 71251/80000
  Processing sample 71301/80000
  Processing sample 71351/80000
  Processing sample 71401/80000
  Processing sample 71451/80000
  Processing sample 71501/80000
  Processing sample 71551/80000
  Processing sample 71601/80000
  Processing sample 71651/80000
  Processing sample 71701/80000
  Processing sample 71751/80000
  Processing sample 71801/80000
  Processing sample 71851/80000
  Processing sample 71901/80000
  Processing sample 71951/80000
  Processing sample 72001/80000
  Processing sample 72051/80000
  Processing sample 72101/80000
  Processing sample 72151/80000
  Processing sample 72201/80000
  Processing sample 72251/80000
  Processing sample 72301/80000
  Processing sample 72351/80000
  Processing sample 72401/80000
  Processing sample 72451/80000
  Processing sample 72501/80000
  Processing sample 72551/80000
  Processing sample 72601/80000
  Processing sample 72651/80000
  Processing sample 72701/80000
  Processing sample 72751/80000
  Processing sample 72801/80000
  Processing sample 72851/80000
  Processing sample 72901/80000
  Processing sample 72951/80000
  Processing sample 73001/80000
  Processing sample 73051/80000
  Processing sample 73101/80000
  Processing sample 73151/80000
  Processing sample 73201/80000
  Processing sample 73251/80000
  Processing sample 73301/80000
  Processing sample 73351/80000
  Processing sample 73401/80000
  Processing sample 73451/80000
  Processing sample 73501/80000
  Processing sample 73551/80000
  Processing sample 73601/80000
  Processing sample 73651/80000
  Processing sample 73701/80000
  Processing sample 73751/80000
  Processing sample 73801/80000
  Processing sample 73851/80000
  Processing sample 73901/80000
  Processing sample 73951/80000
  Processing sample 74001/80000
  Processing sample 74051/80000
  Processing sample 74101/80000
  Processing sample 74151/80000
  Processing sample 74201/80000
  Processing sample 74251/80000
  Processing sample 74301/80000
  Processing sample 74351/80000
  Processing sample 74401/80000
  Processing sample 74451/80000
  Processing sample 74501/80000
  Processing sample 74551/80000
  Processing sample 74601/80000
  Processing sample 74651/80000
  Processing sample 74701/80000
  Processing sample 74751/80000
  Processing sample 74801/80000
  Processing sample 74851/80000
  Processing sample 74901/80000
  Processing sample 74951/80000
  Processing sample 75001/80000
  Processing sample 75051/80000
  Processing sample 75101/80000
  Processing sample 75151/80000
  Processing sample 75201/80000
  Processing sample 75251/80000
  Processing sample 75301/80000
  Processing sample 75351/80000
  Processing sample 75401/80000
  Processing sample 75451/80000
  Processing sample 75501/80000
  Processing sample 75551/80000
  Processing sample 75601/80000
  Processing sample 75651/80000
  Processing sample 75701/80000
  Processing sample 75751/80000
  Processing sample 75801/80000
  Processing sample 75851/80000
  Processing sample 75901/80000
  Processing sample 75951/80000
  Processing sample 76001/80000
  Processing sample 76051/80000
  Processing sample 76101/80000
  Processing sample 76151/80000
  Processing sample 76201/80000
  Processing sample 76251/80000
  Processing sample 76301/80000
  Processing sample 76351/80000
  Processing sample 76401/80000
  Processing sample 76451/80000
  Processing sample 76501/80000
  Processing sample 76551/80000
  Processing sample 76601/80000
  Processing sample 76651/80000
  Processing sample 76701/80000
  Processing sample 76751/80000
  Processing sample 76801/80000
  Processing sample 76851/80000
  Processing sample 76901/80000
  Processing sample 76951/80000
  Processing sample 77001/80000
  Processing sample 77051/80000
  Processing sample 77101/80000
  Processing sample 77151/80000
  Processing sample 77201/80000
  Processing sample 77251/80000
  Processing sample 77301/80000
  Processing sample 77351/80000
  Processing sample 77401/80000
  Processing sample 77451/80000
  Processing sample 77501/80000
  Processing sample 77551/80000
  Processing sample 77601/80000
  Processing sample 77651/80000
  Processing sample 77701/80000
  Processing sample 77751/80000
  Processing sample 77801/80000
  Processing sample 77851/80000
  Processing sample 77901/80000
  Processing sample 77951/80000
  Processing sample 78001/80000
  Processing sample 78051/80000
  Processing sample 78101/80000
  Processing sample 78151/80000
  Processing sample 78201/80000
  Processing sample 78251/80000
  Processing sample 78301/80000
  Processing sample 78351/80000
  Processing sample 78401/80000
  Processing sample 78451/80000
  Processing sample 78501/80000
  Processing sample 78551/80000
  Processing sample 78601/80000
  Processing sample 78651/80000
  Processing sample 78701/80000
  Processing sample 78751/80000
  Processing sample 78801/80000
  Processing sample 78851/80000
  Processing sample 78901/80000
  Processing sample 78951/80000
  Processing sample 79001/80000
  Processing sample 79051/80000
  Processing sample 79101/80000
  Processing sample 79151/80000
  Processing sample 79201/80000
  Processing sample 79251/80000
  Processing sample 79301/80000
  Processing sample 79351/80000
  Processing sample 79401/80000
  Processing sample 79451/80000
  Processing sample 79501/80000
  Processing sample 79551/80000
  Processing sample 79601/80000
  Processing sample 79651/80000
  Processing sample 79701/80000
  Processing sample 79751/80000
  Processing sample 79801/80000
  Processing sample 79851/80000
  Processing sample 79901/80000
  Processing sample 79951/80000
Processing z_c = 35.0
  Processing sample 1/80000
  Processing sample 51/80000
  Processing sample 101/80000
  Processing sample 151/80000
  Processing sample 201/80000
  Processing sample 251/80000
  Processing sample 301/80000
  Processing sample 351/80000
  Processing sample 401/80000
  Processing sample 451/80000
  Processing sample 501/80000
  Processing sample 551/80000
  Processing sample 601/80000
  Processing sample 651/80000
  Processing sample 701/80000
  Processing sample 751/80000
  Processing sample 801/80000
  Processing sample 851/80000
  Processing sample 901/80000
  Processing sample 951/80000
  Processing sample 1001/80000
  Processing sample 1051/80000
  Processing sample 1101/80000
  Processing sample 1151/80000
  Processing sample 1201/80000
  Processing sample 1251/80000
  Processing sample 1301/80000
  Processing sample 1351/80000
  Processing sample 1401/80000
  Processing sample 1451/80000
  Processing sample 1501/80000
  Processing sample 1551/80000
  Processing sample 1601/80000
  Processing sample 1651/80000
  Processing sample 1701/80000
  Processing sample 1751/80000
  Processing sample 1801/80000
  Processing sample 1851/80000
  Processing sample 1901/80000
  Processing sample 1951/80000
  Processing sample 2001/80000
  Processing sample 2051/80000
  Processing sample 2101/80000
  Processing sample 2151/80000
  Processing sample 2201/80000
  Processing sample 2251/80000
  Processing sample 2301/80000
  Processing sample 2351/80000
  Processing sample 2401/80000
  Processing sample 2451/80000
  Processing sample 2501/80000
  Processing sample 2551/80000
  Processing sample 2601/80000
  Processing sample 2651/80000
  Processing sample 2701/80000
  Processing sample 2751/80000
  Processing sample 2801/80000
  Processing sample 2851/80000
  Processing sample 2901/80000
  Processing sample 2951/80000
  Processing sample 3001/80000
  Processing sample 3051/80000
  Processing sample 3101/80000
  Processing sample 3151/80000
  Processing sample 3201/80000
  Processing sample 3251/80000
  Processing sample 3301/80000
  Processing sample 3351/80000
  Processing sample 3401/80000
  Processing sample 3451/80000
  Processing sample 3501/80000
  Processing sample 3551/80000
  Processing sample 3601/80000
  Processing sample 3651/80000
  Processing sample 3701/80000
  Processing sample 3751/80000
  Processing sample 3801/80000
  Processing sample 3851/80000
  Processing sample 3901/80000
  Processing sample 3951/80000
  Processing sample 4001/80000
  Processing sample 4051/80000
  Processing sample 4101/80000
  Processing sample 4151/80000
  Processing sample 4201/80000
  Processing sample 4251/80000
  Processing sample 4301/80000
  Processing sample 4351/80000
  Processing sample 4401/80000
  Processing sample 4451/80000
  Processing sample 4501/80000
  Processing sample 4551/80000
  Processing sample 4601/80000
  Processing sample 4651/80000
  Processing sample 4701/80000
  Processing sample 4751/80000
  Processing sample 4801/80000
  Processing sample 4851/80000
  Processing sample 4901/80000
  Processing sample 4951/80000
  Processing sample 5001/80000
  Processing sample 5051/80000
  Processing sample 5101/80000
  Processing sample 5151/80000
  Processing sample 5201/80000
  Processing sample 5251/80000
  Processing sample 5301/80000
  Processing sample 5351/80000
  Processing sample 5401/80000
  Processing sample 5451/80000
  Processing sample 5501/80000
  Processing sample 5551/80000
  Processing sample 5601/80000
  Processing sample 5651/80000
  Processing sample 5701/80000
  Processing sample 5751/80000
  Processing sample 5801/80000
  Processing sample 5851/80000
  Processing sample 5901/80000
  Processing sample 5951/80000
  Processing sample 6001/80000
  Processing sample 6051/80000
  Processing sample 6101/80000
  Processing sample 6151/80000
  Processing sample 6201/80000
  Processing sample 6251/80000
  Processing sample 6301/80000
  Processing sample 6351/80000
  Processing sample 6401/80000
  Processing sample 6451/80000
  Processing sample 6501/80000
  Processing sample 6551/80000
  Processing sample 6601/80000
  Processing sample 6651/80000
  Processing sample 6701/80000
  Processing sample 6751/80000
  Processing sample 6801/80000
  Processing sample 6851/80000
  Processing sample 6901/80000
  Processing sample 6951/80000
  Processing sample 7001/80000
  Processing sample 7051/80000
  Processing sample 7101/80000
  Processing sample 7151/80000
  Processing sample 7201/80000
  Processing sample 7251/80000
  Processing sample 7301/80000
  Processing sample 7351/80000
  Processing sample 7401/80000
  Processing sample 7451/80000
  Processing sample 7501/80000
  Processing sample 7551/80000
  Processing sample 7601/80000
  Processing sample 7651/80000
  Processing sample 7701/80000
  Processing sample 7751/80000
  Processing sample 7801/80000
  Processing sample 7851/80000
  Processing sample 7901/80000
  Processing sample 7951/80000
  Processing sample 8001/80000
  Processing sample 8051/80000
  Processing sample 8101/80000
  Processing sample 8151/80000
  Processing sample 8201/80000
  Processing sample 8251/80000
  Processing sample 8301/80000
  Processing sample 8351/80000
  Processing sample 8401/80000
  Processing sample 8451/80000
  Processing sample 8501/80000
  Processing sample 8551/80000
  Processing sample 8601/80000
  Processing sample 8651/80000
  Processing sample 8701/80000
  Processing sample 8751/80000
  Processing sample 8801/80000
  Processing sample 8851/80000
  Processing sample 8901/80000
  Processing sample 8951/80000
  Processing sample 9001/80000
  Processing sample 9051/80000
  Processing sample 9101/80000
  Processing sample 9151/80000
  Processing sample 9201/80000
  Processing sample 9251/80000
  Processing sample 9301/80000
  Processing sample 9351/80000
  Processing sample 9401/80000
  Processing sample 9451/80000
  Processing sample 9501/80000
  Processing sample 9551/80000
  Processing sample 9601/80000
  Processing sample 9651/80000
  Processing sample 9701/80000
  Processing sample 9751/80000
  Processing sample 9801/80000
  Processing sample 9851/80000
  Processing sample 9901/80000
  Processing sample 9951/80000
  Processing sample 10001/80000
  Processing sample 10051/80000
  Processing sample 10101/80000
  Processing sample 10151/80000
  Processing sample 10201/80000
  Processing sample 10251/80000
  Processing sample 10301/80000
  Processing sample 10351/80000
  Processing sample 10401/80000
  Processing sample 10451/80000
  Processing sample 10501/80000
  Processing sample 10551/80000
  Processing sample 10601/80000
  Processing sample 10651/80000
  Processing sample 10701/80000
  Processing sample 10751/80000
  Processing sample 10801/80000
  Processing sample 10851/80000
  Processing sample 10901/80000
  Processing sample 10951/80000
  Processing sample 11001/80000
  Processing sample 11051/80000
  Processing sample 11101/80000
  Processing sample 11151/80000
  Processing sample 11201/80000
  Processing sample 11251/80000
  Processing sample 11301/80000
  Processing sample 11351/80000
  Processing sample 11401/80000
  Processing sample 11451/80000
  Processing sample 11501/80000
  Processing sample 11551/80000
  Processing sample 11601/80000
  Processing sample 11651/80000
  Processing sample 11701/80000
  Processing sample 11751/80000
  Processing sample 11801/80000
  Processing sample 11851/80000
  Processing sample 11901/80000
  Processing sample 11951/80000
  Processing sample 12001/80000
  Processing sample 12051/80000
  Processing sample 12101/80000
  Processing sample 12151/80000
  Processing sample 12201/80000
  Processing sample 12251/80000
  Processing sample 12301/80000
  Processing sample 12351/80000
  Processing sample 12401/80000
  Processing sample 12451/80000
  Processing sample 12501/80000
  Processing sample 12551/80000
  Processing sample 12601/80000
  Processing sample 12651/80000
  Processing sample 12701/80000
  Processing sample 12751/80000
  Processing sample 12801/80000
  Processing sample 12851/80000
  Processing sample 12901/80000
  Processing sample 12951/80000
  Processing sample 13001/80000
  Processing sample 13051/80000
  Processing sample 13101/80000
  Processing sample 13151/80000
  Processing sample 13201/80000
  Processing sample 13251/80000
  Processing sample 13301/80000
  Processing sample 13351/80000
  Processing sample 13401/80000
  Processing sample 13451/80000
  Processing sample 13501/80000
  Processing sample 13551/80000
  Processing sample 13601/80000
  Processing sample 13651/80000
  Processing sample 13701/80000
  Processing sample 13751/80000
  Processing sample 13801/80000
  Processing sample 13851/80000
  Processing sample 13901/80000
  Processing sample 13951/80000
  Processing sample 14001/80000
  Processing sample 14051/80000
  Processing sample 14101/80000
  Processing sample 14151/80000
  Processing sample 14201/80000
  Processing sample 14251/80000
  Processing sample 14301/80000
  Processing sample 14351/80000
  Processing sample 14401/80000
  Processing sample 14451/80000
  Processing sample 14501/80000
  Processing sample 14551/80000
  Processing sample 14601/80000
  Processing sample 14651/80000
  Processing sample 14701/80000
  Processing sample 14751/80000
  Processing sample 14801/80000
  Processing sample 14851/80000
  Processing sample 14901/80000
  Processing sample 14951/80000
  Processing sample 15001/80000
  Processing sample 15051/80000
  Processing sample 15101/80000
  Processing sample 15151/80000
  Processing sample 15201/80000
  Processing sample 15251/80000
  Processing sample 15301/80000
  Processing sample 15351/80000
  Processing sample 15401/80000
  Processing sample 15451/80000
  Processing sample 15501/80000
  Processing sample 15551/80000
  Processing sample 15601/80000
  Processing sample 15651/80000
  Processing sample 15701/80000
  Processing sample 15751/80000
  Processing sample 15801/80000
  Processing sample 15851/80000
  Processing sample 15901/80000
  Processing sample 15951/80000
  Processing sample 16001/80000
  Processing sample 16051/80000
  Processing sample 16101/80000
  Processing sample 16151/80000
  Processing sample 16201/80000
  Processing sample 16251/80000
  Processing sample 16301/80000
  Processing sample 16351/80000
  Processing sample 16401/80000
  Processing sample 16451/80000
  Processing sample 16501/80000
  Processing sample 16551/80000
  Processing sample 16601/80000
  Processing sample 16651/80000
  Processing sample 16701/80000
  Processing sample 16751/80000
  Processing sample 16801/80000
  Processing sample 16851/80000
  Processing sample 16901/80000
  Processing sample 16951/80000
  Processing sample 17001/80000
  Processing sample 17051/80000
  Processing sample 17101/80000
  Processing sample 17151/80000
  Processing sample 17201/80000
  Processing sample 17251/80000
  Processing sample 17301/80000
  Processing sample 17351/80000
  Processing sample 17401/80000
  Processing sample 17451/80000
  Processing sample 17501/80000
  Processing sample 17551/80000
  Processing sample 17601/80000
  Processing sample 17651/80000
  Processing sample 17701/80000
  Processing sample 17751/80000
  Processing sample 17801/80000
  Processing sample 17851/80000
  Processing sample 17901/80000
  Processing sample 17951/80000
  Processing sample 18001/80000
  Processing sample 18051/80000
  Processing sample 18101/80000
  Processing sample 18151/80000
  Processing sample 18201/80000
  Processing sample 18251/80000
  Processing sample 18301/80000
  Processing sample 18351/80000
  Processing sample 18401/80000
  Processing sample 18451/80000
  Processing sample 18501/80000
  Processing sample 18551/80000
  Processing sample 18601/80000
  Processing sample 18651/80000
  Processing sample 18701/80000
  Processing sample 18751/80000
  Processing sample 18801/80000
  Processing sample 18851/80000
  Processing sample 18901/80000
  Processing sample 18951/80000
  Processing sample 19001/80000
  Processing sample 19051/80000
  Processing sample 19101/80000
  Processing sample 19151/80000
  Processing sample 19201/80000
  Processing sample 19251/80000
  Processing sample 19301/80000
  Processing sample 19351/80000
  Processing sample 19401/80000
  Processing sample 19451/80000
  Processing sample 19501/80000
  Processing sample 19551/80000
  Processing sample 19601/80000
  Processing sample 19651/80000
  Processing sample 19701/80000
  Processing sample 19751/80000
  Processing sample 19801/80000
  Processing sample 19851/80000
  Processing sample 19901/80000
  Processing sample 19951/80000
  Processing sample 20001/80000
  Processing sample 20051/80000
  Processing sample 20101/80000
  Processing sample 20151/80000
  Processing sample 20201/80000
  Processing sample 20251/80000
  Processing sample 20301/80000
  Processing sample 20351/80000
  Processing sample 20401/80000
  Processing sample 20451/80000
  Processing sample 20501/80000
  Processing sample 20551/80000
  Processing sample 20601/80000
  Processing sample 20651/80000
  Processing sample 20701/80000
  Processing sample 20751/80000
  Processing sample 20801/80000
  Processing sample 20851/80000
  Processing sample 20901/80000
  Processing sample 20951/80000
  Processing sample 21001/80000
  Processing sample 21051/80000
  Processing sample 21101/80000
  Processing sample 21151/80000
  Processing sample 21201/80000
  Processing sample 21251/80000
  Processing sample 21301/80000
  Processing sample 21351/80000
  Processing sample 21401/80000
  Processing sample 21451/80000
  Processing sample 21501/80000
  Processing sample 21551/80000
  Processing sample 21601/80000
  Processing sample 21651/80000
  Processing sample 21701/80000
  Processing sample 21751/80000
  Processing sample 21801/80000
  Processing sample 21851/80000
  Processing sample 21901/80000
  Processing sample 21951/80000
  Processing sample 22001/80000
  Processing sample 22051/80000
  Processing sample 22101/80000
  Processing sample 22151/80000
  Processing sample 22201/80000
  Processing sample 22251/80000
  Processing sample 22301/80000
  Processing sample 22351/80000
  Processing sample 22401/80000
  Processing sample 22451/80000
  Processing sample 22501/80000
  Processing sample 22551/80000
  Processing sample 22601/80000
  Processing sample 22651/80000
  Processing sample 22701/80000
  Processing sample 22751/80000
  Processing sample 22801/80000
  Processing sample 22851/80000
  Processing sample 22901/80000
  Processing sample 22951/80000
  Processing sample 23001/80000
  Processing sample 23051/80000
  Processing sample 23101/80000
  Processing sample 23151/80000
  Processing sample 23201/80000
  Processing sample 23251/80000
  Processing sample 23301/80000
  Processing sample 23351/80000
  Processing sample 23401/80000
  Processing sample 23451/80000
  Processing sample 23501/80000
  Processing sample 23551/80000
  Processing sample 23601/80000
  Processing sample 23651/80000
  Processing sample 23701/80000
  Processing sample 23751/80000
  Processing sample 23801/80000
  Processing sample 23851/80000
  Processing sample 23901/80000
  Processing sample 23951/80000
  Processing sample 24001/80000
  Processing sample 24051/80000
  Processing sample 24101/80000
  Processing sample 24151/80000
  Processing sample 24201/80000
  Processing sample 24251/80000
  Processing sample 24301/80000
  Processing sample 24351/80000
  Processing sample 24401/80000
  Processing sample 24451/80000
  Processing sample 24501/80000
  Processing sample 24551/80000
  Processing sample 24601/80000
  Processing sample 24651/80000
  Processing sample 24701/80000
  Processing sample 24751/80000
  Processing sample 24801/80000
  Processing sample 24851/80000
  Processing sample 24901/80000
  Processing sample 24951/80000
  Processing sample 25001/80000
  Processing sample 25051/80000
  Processing sample 25101/80000
  Processing sample 25151/80000
  Processing sample 25201/80000
  Processing sample 25251/80000
  Processing sample 25301/80000
  Processing sample 25351/80000
  Processing sample 25401/80000
  Processing sample 25451/80000
  Processing sample 25501/80000
  Processing sample 25551/80000
  Processing sample 25601/80000
  Processing sample 25651/80000
  Processing sample 25701/80000
  Processing sample 25751/80000
  Processing sample 25801/80000
  Processing sample 25851/80000
  Processing sample 25901/80000
  Processing sample 25951/80000
  Processing sample 26001/80000
  Processing sample 26051/80000
  Processing sample 26101/80000
  Processing sample 26151/80000
  Processing sample 26201/80000
  Processing sample 26251/80000
  Processing sample 26301/80000
  Processing sample 26351/80000
  Processing sample 26401/80000
  Processing sample 26451/80000
  Processing sample 26501/80000
  Processing sample 26551/80000
  Processing sample 26601/80000
  Processing sample 26651/80000
  Processing sample 26701/80000
  Processing sample 26751/80000
  Processing sample 26801/80000
  Processing sample 26851/80000
  Processing sample 26901/80000
  Processing sample 26951/80000
  Processing sample 27001/80000
  Processing sample 27051/80000
  Processing sample 27101/80000
  Processing sample 27151/80000
  Processing sample 27201/80000
  Processing sample 27251/80000
  Processing sample 27301/80000
  Processing sample 27351/80000
  Processing sample 27401/80000
  Processing sample 27451/80000
  Processing sample 27501/80000
  Processing sample 27551/80000
  Processing sample 27601/80000
  Processing sample 27651/80000
  Processing sample 27701/80000
  Processing sample 27751/80000
  Processing sample 27801/80000
  Processing sample 27851/80000
  Processing sample 27901/80000
  Processing sample 27951/80000
  Processing sample 28001/80000
  Processing sample 28051/80000
  Processing sample 28101/80000
  Processing sample 28151/80000
  Processing sample 28201/80000
  Processing sample 28251/80000
  Processing sample 28301/80000
  Processing sample 28351/80000
  Processing sample 28401/80000
  Processing sample 28451/80000
  Processing sample 28501/80000
  Processing sample 28551/80000
  Processing sample 28601/80000
  Processing sample 28651/80000
  Processing sample 28701/80000
  Processing sample 28751/80000
  Processing sample 28801/80000
  Processing sample 28851/80000
  Processing sample 28901/80000
  Processing sample 28951/80000
  Processing sample 29001/80000
  Processing sample 29051/80000
  Processing sample 29101/80000
  Processing sample 29151/80000
  Processing sample 29201/80000
  Processing sample 29251/80000
  Processing sample 29301/80000
  Processing sample 29351/80000
  Processing sample 29401/80000
  Processing sample 29451/80000
  Processing sample 29501/80000
  Processing sample 29551/80000
  Processing sample 29601/80000
  Processing sample 29651/80000
  Processing sample 29701/80000
  Processing sample 29751/80000
  Processing sample 29801/80000
  Processing sample 29851/80000
  Processing sample 29901/80000
  Processing sample 29951/80000
  Processing sample 30001/80000
  Processing sample 30051/80000
  Processing sample 30101/80000
  Processing sample 30151/80000
  Processing sample 30201/80000
  Processing sample 30251/80000
  Processing sample 30301/80000
  Processing sample 30351/80000
  Processing sample 30401/80000
  Processing sample 30451/80000
  Processing sample 30501/80000
  Processing sample 30551/80000
  Processing sample 30601/80000
  Processing sample 30651/80000
  Processing sample 30701/80000
  Processing sample 30751/80000
  Processing sample 30801/80000
  Processing sample 30851/80000
  Processing sample 30901/80000
  Processing sample 30951/80000
  Processing sample 31001/80000
  Processing sample 31051/80000
  Processing sample 31101/80000
  Processing sample 31151/80000
  Processing sample 31201/80000
  Processing sample 31251/80000
  Processing sample 31301/80000
  Processing sample 31351/80000
  Processing sample 31401/80000
  Processing sample 31451/80000
  Processing sample 31501/80000
  Processing sample 31551/80000
  Processing sample 31601/80000
  Processing sample 31651/80000
  Processing sample 31701/80000
  Processing sample 31751/80000
  Processing sample 31801/80000
  Processing sample 31851/80000
  Processing sample 31901/80000
  Processing sample 31951/80000
  Processing sample 32001/80000
  Processing sample 32051/80000
  Processing sample 32101/80000
  Processing sample 32151/80000
  Processing sample 32201/80000
  Processing sample 32251/80000
  Processing sample 32301/80000
  Processing sample 32351/80000
  Processing sample 32401/80000
  Processing sample 32451/80000
  Processing sample 32501/80000
  Processing sample 32551/80000
  Processing sample 32601/80000
  Processing sample 32651/80000
  Processing sample 32701/80000
  Processing sample 32751/80000
  Processing sample 32801/80000
  Processing sample 32851/80000
  Processing sample 32901/80000
  Processing sample 32951/80000
  Processing sample 33001/80000
  Processing sample 33051/80000
  Processing sample 33101/80000
  Processing sample 33151/80000
  Processing sample 33201/80000
  Processing sample 33251/80000
  Processing sample 33301/80000
  Processing sample 33351/80000
  Processing sample 33401/80000
  Processing sample 33451/80000
  Processing sample 33501/80000
  Processing sample 33551/80000
  Processing sample 33601/80000
  Processing sample 33651/80000
  Processing sample 33701/80000
  Processing sample 33751/80000
  Processing sample 33801/80000
  Processing sample 33851/80000
  Processing sample 33901/80000
  Processing sample 33951/80000
  Processing sample 34001/80000
  Processing sample 34051/80000
  Processing sample 34101/80000
  Processing sample 34151/80000
  Processing sample 34201/80000
  Processing sample 34251/80000
  Processing sample 34301/80000
  Processing sample 34351/80000
  Processing sample 34401/80000
  Processing sample 34451/80000
  Processing sample 34501/80000
  Processing sample 34551/80000
  Processing sample 34601/80000
  Processing sample 34651/80000
  Processing sample 34701/80000
  Processing sample 34751/80000
  Processing sample 34801/80000
  Processing sample 34851/80000
  Processing sample 34901/80000
  Processing sample 34951/80000
  Processing sample 35001/80000
  Processing sample 35051/80000
  Processing sample 35101/80000
  Processing sample 35151/80000
  Processing sample 35201/80000
  Processing sample 35251/80000
  Processing sample 35301/80000
  Processing sample 35351/80000
  Processing sample 35401/80000
  Processing sample 35451/80000
  Processing sample 35501/80000
  Processing sample 35551/80000
  Processing sample 35601/80000
  Processing sample 35651/80000
  Processing sample 35701/80000
  Processing sample 35751/80000
  Processing sample 35801/80000
  Processing sample 35851/80000
  Processing sample 35901/80000
  Processing sample 35951/80000
  Processing sample 36001/80000
  Processing sample 36051/80000
  Processing sample 36101/80000
  Processing sample 36151/80000
  Processing sample 36201/80000
  Processing sample 36251/80000
  Processing sample 36301/80000
  Processing sample 36351/80000
  Processing sample 36401/80000
  Processing sample 36451/80000
  Processing sample 36501/80000
  Processing sample 36551/80000
  Processing sample 36601/80000
  Processing sample 36651/80000
  Processing sample 36701/80000
  Processing sample 36751/80000
  Processing sample 36801/80000
  Processing sample 36851/80000
  Processing sample 36901/80000
  Processing sample 36951/80000
  Processing sample 37001/80000
  Processing sample 37051/80000
  Processing sample 37101/80000
  Processing sample 37151/80000
  Processing sample 37201/80000
  Processing sample 37251/80000
  Processing sample 37301/80000
  Processing sample 37351/80000
  Processing sample 37401/80000
  Processing sample 37451/80000
  Processing sample 37501/80000
  Processing sample 37551/80000
  Processing sample 37601/80000
  Processing sample 37651/80000
  Processing sample 37701/80000
  Processing sample 37751/80000
  Processing sample 37801/80000
  Processing sample 37851/80000
  Processing sample 37901/80000
  Processing sample 37951/80000
  Processing sample 38001/80000
  Processing sample 38051/80000
  Processing sample 38101/80000
  Processing sample 38151/80000
  Processing sample 38201/80000
  Processing sample 38251/80000
  Processing sample 38301/80000
  Processing sample 38351/80000
  Processing sample 38401/80000
  Processing sample 38451/80000
  Processing sample 38501/80000
  Processing sample 38551/80000
  Processing sample 38601/80000
  Processing sample 38651/80000
  Processing sample 38701/80000
  Processing sample 38751/80000
  Processing sample 38801/80000
  Processing sample 38851/80000
  Processing sample 38901/80000
  Processing sample 38951/80000
  Processing sample 39001/80000
  Processing sample 39051/80000
  Processing sample 39101/80000
  Processing sample 39151/80000
  Processing sample 39201/80000
  Processing sample 39251/80000
  Processing sample 39301/80000
  Processing sample 39351/80000
  Processing sample 39401/80000
  Processing sample 39451/80000
  Processing sample 39501/80000
  Processing sample 39551/80000
  Processing sample 39601/80000
  Processing sample 39651/80000
  Processing sample 39701/80000
  Processing sample 39751/80000
  Processing sample 39801/80000
  Processing sample 39851/80000
  Processing sample 39901/80000
  Processing sample 39951/80000
  Processing sample 40001/80000
  Processing sample 40051/80000
  Processing sample 40101/80000
  Processing sample 40151/80000
  Processing sample 40201/80000
  Processing sample 40251/80000
  Processing sample 40301/80000
  Processing sample 40351/80000
  Processing sample 40401/80000
  Processing sample 40451/80000
  Processing sample 40501/80000
  Processing sample 40551/80000
  Processing sample 40601/80000
  Processing sample 40651/80000
  Processing sample 40701/80000
  Processing sample 40751/80000
  Processing sample 40801/80000
  Processing sample 40851/80000
  Processing sample 40901/80000
  Processing sample 40951/80000
  Processing sample 41001/80000
  Processing sample 41051/80000
  Processing sample 41101/80000
  Processing sample 41151/80000
  Processing sample 41201/80000
  Processing sample 41251/80000
  Processing sample 41301/80000
  Processing sample 41351/80000
  Processing sample 41401/80000
  Processing sample 41451/80000
  Processing sample 41501/80000
  Processing sample 41551/80000
  Processing sample 41601/80000
  Processing sample 41651/80000
  Processing sample 41701/80000
  Processing sample 41751/80000
  Processing sample 41801/80000
  Processing sample 41851/80000
  Processing sample 41901/80000
  Processing sample 41951/80000
  Processing sample 42001/80000
  Processing sample 42051/80000
  Processing sample 42101/80000
  Processing sample 42151/80000
  Processing sample 42201/80000
  Processing sample 42251/80000
  Processing sample 42301/80000
  Processing sample 42351/80000
  Processing sample 42401/80000
  Processing sample 42451/80000
  Processing sample 42501/80000
  Processing sample 42551/80000
  Processing sample 42601/80000
  Processing sample 42651/80000
  Processing sample 42701/80000
  Processing sample 42751/80000
  Processing sample 42801/80000
  Processing sample 42851/80000
  Processing sample 42901/80000
  Processing sample 42951/80000
  Processing sample 43001/80000
  Processing sample 43051/80000
  Processing sample 43101/80000
  Processing sample 43151/80000
  Processing sample 43201/80000
  Processing sample 43251/80000
  Processing sample 43301/80000
  Processing sample 43351/80000
  Processing sample 43401/80000
  Processing sample 43451/80000
  Processing sample 43501/80000
  Processing sample 43551/80000
  Processing sample 43601/80000
  Processing sample 43651/80000
  Processing sample 43701/80000
  Processing sample 43751/80000
  Processing sample 43801/80000
  Processing sample 43851/80000
  Processing sample 43901/80000
  Processing sample 43951/80000
  Processing sample 44001/80000
  Processing sample 44051/80000
  Processing sample 44101/80000
  Processing sample 44151/80000
  Processing sample 44201/80000
  Processing sample 44251/80000
  Processing sample 44301/80000
  Processing sample 44351/80000
  Processing sample 44401/80000
  Processing sample 44451/80000
  Processing sample 44501/80000
  Processing sample 44551/80000
  Processing sample 44601/80000
  Processing sample 44651/80000
  Processing sample 44701/80000
  Processing sample 44751/80000
  Processing sample 44801/80000
  Processing sample 44851/80000
  Processing sample 44901/80000
  Processing sample 44951/80000
  Processing sample 45001/80000
  Processing sample 45051/80000
  Processing sample 45101/80000
  Processing sample 45151/80000
  Processing sample 45201/80000
  Processing sample 45251/80000
  Processing sample 45301/80000
  Processing sample 45351/80000
  Processing sample 45401/80000
  Processing sample 45451/80000
  Processing sample 45501/80000
  Processing sample 45551/80000
  Processing sample 45601/80000
  Processing sample 45651/80000
  Processing sample 45701/80000
  Processing sample 45751/80000
  Processing sample 45801/80000
  Processing sample 45851/80000
  Processing sample 45901/80000
  Processing sample 45951/80000
  Processing sample 46001/80000
  Processing sample 46051/80000
  Processing sample 46101/80000
  Processing sample 46151/80000
  Processing sample 46201/80000
  Processing sample 46251/80000
  Processing sample 46301/80000
  Processing sample 46351/80000
  Processing sample 46401/80000
  Processing sample 46451/80000
  Processing sample 46501/80000
  Processing sample 46551/80000
  Processing sample 46601/80000
  Processing sample 46651/80000
  Processing sample 46701/80000
  Processing sample 46751/80000
  Processing sample 46801/80000
  Processing sample 46851/80000
  Processing sample 46901/80000
  Processing sample 46951/80000
  Processing sample 47001/80000
  Processing sample 47051/80000
  Processing sample 47101/80000
  Processing sample 47151/80000
  Processing sample 47201/80000
  Processing sample 47251/80000
  Processing sample 47301/80000
  Processing sample 47351/80000
  Processing sample 47401/80000
  Processing sample 47451/80000
  Processing sample 47501/80000
  Processing sample 47551/80000
  Processing sample 47601/80000
  Processing sample 47651/80000
  Processing sample 47701/80000
  Processing sample 47751/80000
  Processing sample 47801/80000
  Processing sample 47851/80000
  Processing sample 47901/80000
  Processing sample 47951/80000
  Processing sample 48001/80000
  Processing sample 48051/80000
  Processing sample 48101/80000
  Processing sample 48151/80000
  Processing sample 48201/80000
  Processing sample 48251/80000
  Processing sample 48301/80000
  Processing sample 48351/80000
  Processing sample 48401/80000
  Processing sample 48451/80000
  Processing sample 48501/80000
  Processing sample 48551/80000
  Processing sample 48601/80000
  Processing sample 48651/80000
  Processing sample 48701/80000
  Processing sample 48751/80000
  Processing sample 48801/80000
  Processing sample 48851/80000
  Processing sample 48901/80000
  Processing sample 48951/80000
  Processing sample 49001/80000
  Processing sample 49051/80000
  Processing sample 49101/80000
  Processing sample 49151/80000
  Processing sample 49201/80000
  Processing sample 49251/80000
  Processing sample 49301/80000
  Processing sample 49351/80000
  Processing sample 49401/80000
  Processing sample 49451/80000
  Processing sample 49501/80000
  Processing sample 49551/80000
  Processing sample 49601/80000
  Processing sample 49651/80000
  Processing sample 49701/80000
  Processing sample 49751/80000
  Processing sample 49801/80000
  Processing sample 49851/80000
  Processing sample 49901/80000
  Processing sample 49951/80000
  Processing sample 50001/80000
  Processing sample 50051/80000
  Processing sample 50101/80000
  Processing sample 50151/80000
  Processing sample 50201/80000
  Processing sample 50251/80000
  Processing sample 50301/80000
  Processing sample 50351/80000
  Processing sample 50401/80000
  Processing sample 50451/80000
  Processing sample 50501/80000
  Processing sample 50551/80000
  Processing sample 50601/80000
  Processing sample 50651/80000
  Processing sample 50701/80000
  Processing sample 50751/80000
  Processing sample 50801/80000
  Processing sample 50851/80000
  Processing sample 50901/80000
  Processing sample 50951/80000
  Processing sample 51001/80000
  Processing sample 51051/80000
  Processing sample 51101/80000
  Processing sample 51151/80000
  Processing sample 51201/80000
  Processing sample 51251/80000
  Processing sample 51301/80000
  Processing sample 51351/80000
  Processing sample 51401/80000
  Processing sample 51451/80000
  Processing sample 51501/80000
  Processing sample 51551/80000
  Processing sample 51601/80000
  Processing sample 51651/80000
  Processing sample 51701/80000
  Processing sample 51751/80000
  Processing sample 51801/80000
  Processing sample 51851/80000
  Processing sample 51901/80000
  Processing sample 51951/80000
  Processing sample 52001/80000
  Processing sample 52051/80000
  Processing sample 52101/80000
  Processing sample 52151/80000
  Processing sample 52201/80000
  Processing sample 52251/80000
  Processing sample 52301/80000
  Processing sample 52351/80000
  Processing sample 52401/80000
  Processing sample 52451/80000
  Processing sample 52501/80000
  Processing sample 52551/80000
  Processing sample 52601/80000
  Processing sample 52651/80000
  Processing sample 52701/80000
  Processing sample 52751/80000
  Processing sample 52801/80000
  Processing sample 52851/80000
  Processing sample 52901/80000
  Processing sample 52951/80000
  Processing sample 53001/80000
  Processing sample 53051/80000
  Processing sample 53101/80000
  Processing sample 53151/80000
  Processing sample 53201/80000
  Processing sample 53251/80000
  Processing sample 53301/80000
  Processing sample 53351/80000
  Processing sample 53401/80000
  Processing sample 53451/80000
  Processing sample 53501/80000
  Processing sample 53551/80000
  Processing sample 53601/80000
  Processing sample 53651/80000
  Processing sample 53701/80000
  Processing sample 53751/80000
  Processing sample 53801/80000
  Processing sample 53851/80000
  Processing sample 53901/80000
  Processing sample 53951/80000
  Processing sample 54001/80000
  Processing sample 54051/80000
  Processing sample 54101/80000
  Processing sample 54151/80000
  Processing sample 54201/80000
  Processing sample 54251/80000
  Processing sample 54301/80000
  Processing sample 54351/80000
  Processing sample 54401/80000
  Processing sample 54451/80000
  Processing sample 54501/80000
  Processing sample 54551/80000
  Processing sample 54601/80000
  Processing sample 54651/80000
  Processing sample 54701/80000
  Processing sample 54751/80000
  Processing sample 54801/80000
  Processing sample 54851/80000
  Processing sample 54901/80000
  Processing sample 54951/80000
  Processing sample 55001/80000
  Processing sample 55051/80000
  Processing sample 55101/80000
  Processing sample 55151/80000
  Processing sample 55201/80000
  Processing sample 55251/80000
  Processing sample 55301/80000
  Processing sample 55351/80000
  Processing sample 55401/80000
  Processing sample 55451/80000
  Processing sample 55501/80000
  Processing sample 55551/80000
  Processing sample 55601/80000
  Processing sample 55651/80000
  Processing sample 55701/80000
  Processing sample 55751/80000
  Processing sample 55801/80000
  Processing sample 55851/80000
  Processing sample 55901/80000
  Processing sample 55951/80000
  Processing sample 56001/80000
  Processing sample 56051/80000
  Processing sample 56101/80000
  Processing sample 56151/80000
  Processing sample 56201/80000
  Processing sample 56251/80000
  Processing sample 56301/80000
  Processing sample 56351/80000
  Processing sample 56401/80000
  Processing sample 56451/80000
  Processing sample 56501/80000
  Processing sample 56551/80000
  Processing sample 56601/80000
  Processing sample 56651/80000
  Processing sample 56701/80000
  Processing sample 56751/80000
  Processing sample 56801/80000
  Processing sample 56851/80000
  Processing sample 56901/80000
  Processing sample 56951/80000
  Processing sample 57001/80000
  Processing sample 57051/80000
  Processing sample 57101/80000
  Processing sample 57151/80000
  Processing sample 57201/80000
  Processing sample 57251/80000
  Processing sample 57301/80000
  Processing sample 57351/80000
  Processing sample 57401/80000
  Processing sample 57451/80000
  Processing sample 57501/80000
  Processing sample 57551/80000
  Processing sample 57601/80000
  Processing sample 57651/80000
  Processing sample 57701/80000
  Processing sample 57751/80000
  Processing sample 57801/80000
  Processing sample 57851/80000
  Processing sample 57901/80000
  Processing sample 57951/80000
  Processing sample 58001/80000
  Processing sample 58051/80000
  Processing sample 58101/80000
  Processing sample 58151/80000
  Processing sample 58201/80000
  Processing sample 58251/80000
  Processing sample 58301/80000
  Processing sample 58351/80000
  Processing sample 58401/80000
  Processing sample 58451/80000
  Processing sample 58501/80000
  Processing sample 58551/80000
  Processing sample 58601/80000
  Processing sample 58651/80000
  Processing sample 58701/80000
  Processing sample 58751/80000
  Processing sample 58801/80000
  Processing sample 58851/80000
  Processing sample 58901/80000
  Processing sample 58951/80000
  Processing sample 59001/80000
  Processing sample 59051/80000
  Processing sample 59101/80000
  Processing sample 59151/80000
  Processing sample 59201/80000
  Processing sample 59251/80000
  Processing sample 59301/80000
  Processing sample 59351/80000
  Processing sample 59401/80000
  Processing sample 59451/80000
  Processing sample 59501/80000
  Processing sample 59551/80000
  Processing sample 59601/80000
  Processing sample 59651/80000
  Processing sample 59701/80000
  Processing sample 59751/80000
  Processing sample 59801/80000
  Processing sample 59851/80000
  Processing sample 59901/80000
  Processing sample 59951/80000
  Processing sample 60001/80000
  Processing sample 60051/80000
  Processing sample 60101/80000
  Processing sample 60151/80000
  Processing sample 60201/80000
  Processing sample 60251/80000
  Processing sample 60301/80000
  Processing sample 60351/80000
  Processing sample 60401/80000
  Processing sample 60451/80000
  Processing sample 60501/80000
  Processing sample 60551/80000
  Processing sample 60601/80000
  Processing sample 60651/80000
  Processing sample 60701/80000
  Processing sample 60751/80000
  Processing sample 60801/80000
  Processing sample 60851/80000
  Processing sample 60901/80000
  Processing sample 60951/80000
  Processing sample 61001/80000
  Processing sample 61051/80000
  Processing sample 61101/80000
  Processing sample 61151/80000
  Processing sample 61201/80000
  Processing sample 61251/80000
  Processing sample 61301/80000
  Processing sample 61351/80000
  Processing sample 61401/80000
  Processing sample 61451/80000
  Processing sample 61501/80000
  Processing sample 61551/80000
  Processing sample 61601/80000
  Processing sample 61651/80000
  Processing sample 61701/80000
  Processing sample 61751/80000
  Processing sample 61801/80000
  Processing sample 61851/80000
  Processing sample 61901/80000
  Processing sample 61951/80000
  Processing sample 62001/80000
  Processing sample 62051/80000
  Processing sample 62101/80000
  Processing sample 62151/80000
  Processing sample 62201/80000
  Processing sample 62251/80000
  Processing sample 62301/80000
  Processing sample 62351/80000
  Processing sample 62401/80000
  Processing sample 62451/80000
  Processing sample 62501/80000
  Processing sample 62551/80000
  Processing sample 62601/80000
  Processing sample 62651/80000
  Processing sample 62701/80000
  Processing sample 62751/80000
  Processing sample 62801/80000
  Processing sample 62851/80000
  Processing sample 62901/80000
  Processing sample 62951/80000
  Processing sample 63001/80000
  Processing sample 63051/80000
  Processing sample 63101/80000
  Processing sample 63151/80000
  Processing sample 63201/80000
  Processing sample 63251/80000
  Processing sample 63301/80000
  Processing sample 63351/80000
  Processing sample 63401/80000
  Processing sample 63451/80000
  Processing sample 63501/80000
  Processing sample 63551/80000
  Processing sample 63601/80000
  Processing sample 63651/80000
  Processing sample 63701/80000
  Processing sample 63751/80000
  Processing sample 63801/80000
  Processing sample 63851/80000
  Processing sample 63901/80000
  Processing sample 63951/80000
  Processing sample 64001/80000
  Processing sample 64051/80000
  Processing sample 64101/80000
  Processing sample 64151/80000
  Processing sample 64201/80000
  Processing sample 64251/80000
  Processing sample 64301/80000
  Processing sample 64351/80000
  Processing sample 64401/80000
  Processing sample 64451/80000
  Processing sample 64501/80000
  Processing sample 64551/80000
  Processing sample 64601/80000
  Processing sample 64651/80000
  Processing sample 64701/80000
  Processing sample 64751/80000
  Processing sample 64801/80000
  Processing sample 64851/80000
  Processing sample 64901/80000
  Processing sample 64951/80000
  Processing sample 65001/80000
  Processing sample 65051/80000
  Processing sample 65101/80000
  Processing sample 65151/80000
  Processing sample 65201/80000
  Processing sample 65251/80000
  Processing sample 65301/80000
  Processing sample 65351/80000
  Processing sample 65401/80000
  Processing sample 65451/80000
  Processing sample 65501/80000
  Processing sample 65551/80000
  Processing sample 65601/80000
  Processing sample 65651/80000
  Processing sample 65701/80000
  Processing sample 65751/80000
  Processing sample 65801/80000
  Processing sample 65851/80000
  Processing sample 65901/80000
  Processing sample 65951/80000
  Processing sample 66001/80000
  Processing sample 66051/80000
  Processing sample 66101/80000
  Processing sample 66151/80000
  Processing sample 66201/80000
  Processing sample 66251/80000
  Processing sample 66301/80000
  Processing sample 66351/80000
  Processing sample 66401/80000
  Processing sample 66451/80000
  Processing sample 66501/80000
  Processing sample 66551/80000
  Processing sample 66601/80000
  Processing sample 66651/80000
  Processing sample 66701/80000
  Processing sample 66751/80000
  Processing sample 66801/80000
  Processing sample 66851/80000
  Processing sample 66901/80000
  Processing sample 66951/80000
  Processing sample 67001/80000
  Processing sample 67051/80000
  Processing sample 67101/80000
  Processing sample 67151/80000
  Processing sample 67201/80000
  Processing sample 67251/80000
  Processing sample 67301/80000
  Processing sample 67351/80000
  Processing sample 67401/80000
  Processing sample 67451/80000
  Processing sample 67501/80000
  Processing sample 67551/80000
  Processing sample 67601/80000
  Processing sample 67651/80000
  Processing sample 67701/80000
  Processing sample 67751/80000
  Processing sample 67801/80000
  Processing sample 67851/80000
  Processing sample 67901/80000
  Processing sample 67951/80000
  Processing sample 68001/80000
  Processing sample 68051/80000
  Processing sample 68101/80000
  Processing sample 68151/80000
  Processing sample 68201/80000
  Processing sample 68251/80000
  Processing sample 68301/80000
  Processing sample 68351/80000
  Processing sample 68401/80000
  Processing sample 68451/80000
  Processing sample 68501/80000
  Processing sample 68551/80000
  Processing sample 68601/80000
  Processing sample 68651/80000
  Processing sample 68701/80000
  Processing sample 68751/80000
  Processing sample 68801/80000
  Processing sample 68851/80000
  Processing sample 68901/80000
  Processing sample 68951/80000
  Processing sample 69001/80000
  Processing sample 69051/80000
  Processing sample 69101/80000
  Processing sample 69151/80000
  Processing sample 69201/80000
  Processing sample 69251/80000
  Processing sample 69301/80000
  Processing sample 69351/80000
  Processing sample 69401/80000
  Processing sample 69451/80000
  Processing sample 69501/80000
  Processing sample 69551/80000
  Processing sample 69601/80000
  Processing sample 69651/80000
  Processing sample 69701/80000
  Processing sample 69751/80000
  Processing sample 69801/80000
  Processing sample 69851/80000
  Processing sample 69901/80000
  Processing sample 69951/80000
  Processing sample 70001/80000
  Processing sample 70051/80000
  Processing sample 70101/80000
  Processing sample 70151/80000
  Processing sample 70201/80000
  Processing sample 70251/80000
  Processing sample 70301/80000
  Processing sample 70351/80000
  Processing sample 70401/80000
  Processing sample 70451/80000
  Processing sample 70501/80000
  Processing sample 70551/80000
  Processing sample 70601/80000
  Processing sample 70651/80000
  Processing sample 70701/80000
  Processing sample 70751/80000
  Processing sample 70801/80000
  Processing sample 70851/80000
  Processing sample 70901/80000
  Processing sample 70951/80000
  Processing sample 71001/80000
  Processing sample 71051/80000
  Processing sample 71101/80000
  Processing sample 71151/80000
  Processing sample 71201/80000
  Processing sample 71251/80000
  Processing sample 71301/80000
  Processing sample 71351/80000
  Processing sample 71401/80000
  Processing sample 71451/80000
  Processing sample 71501/80000
  Processing sample 71551/80000
  Processing sample 71601/80000
  Processing sample 71651/80000
  Processing sample 71701/80000
  Processing sample 71751/80000
  Processing sample 71801/80000
  Processing sample 71851/80000
  Processing sample 71901/80000
  Processing sample 71951/80000
  Processing sample 72001/80000
  Processing sample 72051/80000
  Processing sample 72101/80000
  Processing sample 72151/80000
  Processing sample 72201/80000
  Processing sample 72251/80000
  Processing sample 72301/80000
  Processing sample 72351/80000
  Processing sample 72401/80000
  Processing sample 72451/80000
  Processing sample 72501/80000
  Processing sample 72551/80000
  Processing sample 72601/80000
  Processing sample 72651/80000
  Processing sample 72701/80000
  Processing sample 72751/80000
  Processing sample 72801/80000
  Processing sample 72851/80000
  Processing sample 72901/80000
  Processing sample 72951/80000
  Processing sample 73001/80000
  Processing sample 73051/80000
  Processing sample 73101/80000
  Processing sample 73151/80000
  Processing sample 73201/80000
  Processing sample 73251/80000
  Processing sample 73301/80000
  Processing sample 73351/80000
  Processing sample 73401/80000
  Processing sample 73451/80000
  Processing sample 73501/80000
  Processing sample 73551/80000
  Processing sample 73601/80000
  Processing sample 73651/80000
  Processing sample 73701/80000
  Processing sample 73751/80000
  Processing sample 73801/80000
  Processing sample 73851/80000
  Processing sample 73901/80000
  Processing sample 73951/80000
  Processing sample 74001/80000
  Processing sample 74051/80000
  Processing sample 74101/80000
  Processing sample 74151/80000
  Processing sample 74201/80000
  Processing sample 74251/80000
  Processing sample 74301/80000
  Processing sample 74351/80000
  Processing sample 74401/80000
  Processing sample 74451/80000
  Processing sample 74501/80000
  Processing sample 74551/80000
  Processing sample 74601/80000
  Processing sample 74651/80000
  Processing sample 74701/80000
  Processing sample 74751/80000
  Processing sample 74801/80000
  Processing sample 74851/80000
  Processing sample 74901/80000
  Processing sample 74951/80000
  Processing sample 75001/80000
  Processing sample 75051/80000
  Processing sample 75101/80000
  Processing sample 75151/80000
  Processing sample 75201/80000
  Processing sample 75251/80000
  Processing sample 75301/80000
  Processing sample 75351/80000
  Processing sample 75401/80000
  Processing sample 75451/80000
  Processing sample 75501/80000
  Processing sample 75551/80000
  Processing sample 75601/80000
  Processing sample 75651/80000
  Processing sample 75701/80000
  Processing sample 75751/80000
  Processing sample 75801/80000
  Processing sample 75851/80000
  Processing sample 75901/80000
  Processing sample 75951/80000
  Processing sample 76001/80000
  Processing sample 76051/80000
  Processing sample 76101/80000
  Processing sample 76151/80000
  Processing sample 76201/80000
  Processing sample 76251/80000
  Processing sample 76301/80000
  Processing sample 76351/80000
  Processing sample 76401/80000
  Processing sample 76451/80000
  Processing sample 76501/80000
  Processing sample 76551/80000
  Processing sample 76601/80000
  Processing sample 76651/80000
  Processing sample 76701/80000
  Processing sample 76751/80000
  Processing sample 76801/80000
  Processing sample 76851/80000
  Processing sample 76901/80000
  Processing sample 76951/80000
  Processing sample 77001/80000
  Processing sample 77051/80000
  Processing sample 77101/80000
  Processing sample 77151/80000
  Processing sample 77201/80000
  Processing sample 77251/80000
  Processing sample 77301/80000
  Processing sample 77351/80000
  Processing sample 77401/80000
  Processing sample 77451/80000
  Processing sample 77501/80000
  Processing sample 77551/80000
  Processing sample 77601/80000
  Processing sample 77651/80000
  Processing sample 77701/80000
  Processing sample 77751/80000
  Processing sample 77801/80000
  Processing sample 77851/80000
  Processing sample 77901/80000
  Processing sample 77951/80000
  Processing sample 78001/80000
  Processing sample 78051/80000
  Processing sample 78101/80000
  Processing sample 78151/80000
  Processing sample 78201/80000
  Processing sample 78251/80000
  Processing sample 78301/80000
  Processing sample 78351/80000
  Processing sample 78401/80000
  Processing sample 78451/80000
  Processing sample 78501/80000
  Processing sample 78551/80000
  Processing sample 78601/80000
  Processing sample 78651/80000
  Processing sample 78701/80000
  Processing sample 78751/80000
  Processing sample 78801/80000
  Processing sample 78851/80000
  Processing sample 78901/80000
  Processing sample 78951/80000
  Processing sample 79001/80000
  Processing sample 79051/80000
  Processing sample 79101/80000
  Processing sample 79151/80000
  Processing sample 79201/80000
  Processing sample 79251/80000
  Processing sample 79301/80000
  Processing sample 79351/80000
  Processing sample 79401/80000
  Processing sample 79451/80000
  Processing sample 79501/80000
  Processing sample 79551/80000
  Processing sample 79601/80000
  Processing sample 79651/80000
  Processing sample 79701/80000
  Processing sample 79751/80000
  Processing sample 79801/80000
  Processing sample 79851/80000
  Processing sample 79901/80000
  Processing sample 79951/80000
Processing z_c = 40.0
  Processing sample 1/80000
  Processing sample 51/80000
  Processing sample 101/80000
  Processing sample 151/80000
  Processing sample 201/80000
  Processing sample 251/80000
  Processing sample 301/80000
  Processing sample 351/80000
  Processing sample 401/80000
  Processing sample 451/80000
  Processing sample 501/80000
  Processing sample 551/80000
  Processing sample 601/80000
  Processing sample 651/80000
  Processing sample 701/80000
  Processing sample 751/80000
  Processing sample 801/80000
  Processing sample 851/80000
  Processing sample 901/80000
  Processing sample 951/80000
  Processing sample 1001/80000
  Processing sample 1051/80000
  Processing sample 1101/80000
  Processing sample 1151/80000
  Processing sample 1201/80000
  Processing sample 1251/80000
  Processing sample 1301/80000
  Processing sample 1351/80000
  Processing sample 1401/80000
  Processing sample 1451/80000
  Processing sample 1501/80000
  Processing sample 1551/80000
  Processing sample 1601/80000
  Processing sample 1651/80000
  Processing sample 1701/80000
  Processing sample 1751/80000
  Processing sample 1801/80000
  Processing sample 1851/80000
  Processing sample 1901/80000
  Processing sample 1951/80000
  Processing sample 2001/80000
  Processing sample 2051/80000
  Processing sample 2101/80000
  Processing sample 2151/80000
  Processing sample 2201/80000
  Processing sample 2251/80000
  Processing sample 2301/80000
  Processing sample 2351/80000
  Processing sample 2401/80000
  Processing sample 2451/80000
  Processing sample 2501/80000
  Processing sample 2551/80000
  Processing sample 2601/80000
  Processing sample 2651/80000
  Processing sample 2701/80000
  Processing sample 2751/80000
  Processing sample 2801/80000
  Processing sample 2851/80000
  Processing sample 2901/80000
  Processing sample 2951/80000
  Processing sample 3001/80000
  Processing sample 3051/80000
  Processing sample 3101/80000
  Processing sample 3151/80000
  Processing sample 3201/80000
  Processing sample 3251/80000
  Processing sample 3301/80000
  Processing sample 3351/80000
  Processing sample 3401/80000
  Processing sample 3451/80000
  Processing sample 3501/80000
  Processing sample 3551/80000
  Processing sample 3601/80000
  Processing sample 3651/80000
  Processing sample 3701/80000
  Processing sample 3751/80000
  Processing sample 3801/80000
  Processing sample 3851/80000
  Processing sample 3901/80000
  Processing sample 3951/80000
  Processing sample 4001/80000
  Processing sample 4051/80000
  Processing sample 4101/80000
  Processing sample 4151/80000
  Processing sample 4201/80000
  Processing sample 4251/80000
  Processing sample 4301/80000
  Processing sample 4351/80000
  Processing sample 4401/80000
  Processing sample 4451/80000
  Processing sample 4501/80000
  Processing sample 4551/80000
  Processing sample 4601/80000
  Processing sample 4651/80000
  Processing sample 4701/80000
  Processing sample 4751/80000
  Processing sample 4801/80000
  Processing sample 4851/80000
  Processing sample 4901/80000
  Processing sample 4951/80000
  Processing sample 5001/80000
  Processing sample 5051/80000
  Processing sample 5101/80000
  Processing sample 5151/80000
  Processing sample 5201/80000
  Processing sample 5251/80000
  Processing sample 5301/80000
  Processing sample 5351/80000
  Processing sample 5401/80000
  Processing sample 5451/80000
  Processing sample 5501/80000
  Processing sample 5551/80000
  Processing sample 5601/80000
  Processing sample 5651/80000
  Processing sample 5701/80000
  Processing sample 5751/80000
  Processing sample 5801/80000
  Processing sample 5851/80000
  Processing sample 5901/80000
  Processing sample 5951/80000
  Processing sample 6001/80000
  Processing sample 6051/80000
  Processing sample 6101/80000
  Processing sample 6151/80000
  Processing sample 6201/80000
  Processing sample 6251/80000
  Processing sample 6301/80000
  Processing sample 6351/80000
  Processing sample 6401/80000
  Processing sample 6451/80000
  Processing sample 6501/80000
  Processing sample 6551/80000
  Processing sample 6601/80000
  Processing sample 6651/80000
  Processing sample 6701/80000
  Processing sample 6751/80000
  Processing sample 6801/80000
  Processing sample 6851/80000
  Processing sample 6901/80000
  Processing sample 6951/80000
  Processing sample 7001/80000
  Processing sample 7051/80000
  Processing sample 7101/80000
  Processing sample 7151/80000
  Processing sample 7201/80000
  Processing sample 7251/80000
  Processing sample 7301/80000
  Processing sample 7351/80000
  Processing sample 7401/80000
  Processing sample 7451/80000
  Processing sample 7501/80000
  Processing sample 7551/80000
  Processing sample 7601/80000
  Processing sample 7651/80000
  Processing sample 7701/80000
  Processing sample 7751/80000
  Processing sample 7801/80000
  Processing sample 7851/80000
  Processing sample 7901/80000
  Processing sample 7951/80000
  Processing sample 8001/80000
  Processing sample 8051/80000
  Processing sample 8101/80000
  Processing sample 8151/80000
  Processing sample 8201/80000
  Processing sample 8251/80000
  Processing sample 8301/80000
  Processing sample 8351/80000
  Processing sample 8401/80000
  Processing sample 8451/80000
  Processing sample 8501/80000
  Processing sample 8551/80000
  Processing sample 8601/80000
  Processing sample 8651/80000
  Processing sample 8701/80000
  Processing sample 8751/80000
  Processing sample 8801/80000
  Processing sample 8851/80000
  Processing sample 8901/80000
  Processing sample 8951/80000
  Processing sample 9001/80000
  Processing sample 9051/80000
  Processing sample 9101/80000
  Processing sample 9151/80000
  Processing sample 9201/80000
  Processing sample 9251/80000
  Processing sample 9301/80000
  Processing sample 9351/80000
  Processing sample 9401/80000
  Processing sample 9451/80000
  Processing sample 9501/80000
  Processing sample 9551/80000
  Processing sample 9601/80000
  Processing sample 9651/80000
  Processing sample 9701/80000
  Processing sample 9751/80000
  Processing sample 9801/80000
  Processing sample 9851/80000
  Processing sample 9901/80000
  Processing sample 9951/80000
  Processing sample 10001/80000
  Processing sample 10051/80000
  Processing sample 10101/80000
  Processing sample 10151/80000
  Processing sample 10201/80000
  Processing sample 10251/80000
  Processing sample 10301/80000
  Processing sample 10351/80000
  Processing sample 10401/80000
  Processing sample 10451/80000
  Processing sample 10501/80000
  Processing sample 10551/80000
  Processing sample 10601/80000
  Processing sample 10651/80000
  Processing sample 10701/80000
  Processing sample 10751/80000
  Processing sample 10801/80000
  Processing sample 10851/80000
  Processing sample 10901/80000
  Processing sample 10951/80000
  Processing sample 11001/80000
  Processing sample 11051/80000
  Processing sample 11101/80000
  Processing sample 11151/80000
  Processing sample 11201/80000
  Processing sample 11251/80000
  Processing sample 11301/80000
  Processing sample 11351/80000
  Processing sample 11401/80000
  Processing sample 11451/80000
  Processing sample 11501/80000
  Processing sample 11551/80000
  Processing sample 11601/80000
  Processing sample 11651/80000
  Processing sample 11701/80000
  Processing sample 11751/80000
  Processing sample 11801/80000
  Processing sample 11851/80000
  Processing sample 11901/80000
  Processing sample 11951/80000
  Processing sample 12001/80000
  Processing sample 12051/80000
  Processing sample 12101/80000
  Processing sample 12151/80000
  Processing sample 12201/80000
  Processing sample 12251/80000
  Processing sample 12301/80000
  Processing sample 12351/80000
  Processing sample 12401/80000
  Processing sample 12451/80000
  Processing sample 12501/80000
  Processing sample 12551/80000
  Processing sample 12601/80000
  Processing sample 12651/80000
  Processing sample 12701/80000
  Processing sample 12751/80000
  Processing sample 12801/80000
  Processing sample 12851/80000
  Processing sample 12901/80000
  Processing sample 12951/80000
  Processing sample 13001/80000
  Processing sample 13051/80000
  Processing sample 13101/80000
  Processing sample 13151/80000
  Processing sample 13201/80000
  Processing sample 13251/80000
  Processing sample 13301/80000
  Processing sample 13351/80000
  Processing sample 13401/80000
  Processing sample 13451/80000
  Processing sample 13501/80000
  Processing sample 13551/80000
  Processing sample 13601/80000
  Processing sample 13651/80000
  Processing sample 13701/80000
  Processing sample 13751/80000
  Processing sample 13801/80000
  Processing sample 13851/80000
  Processing sample 13901/80000
  Processing sample 13951/80000
  Processing sample 14001/80000
  Processing sample 14051/80000
  Processing sample 14101/80000
  Processing sample 14151/80000
  Processing sample 14201/80000
  Processing sample 14251/80000
  Processing sample 14301/80000
  Processing sample 14351/80000
  Processing sample 14401/80000
  Processing sample 14451/80000
  Processing sample 14501/80000
  Processing sample 14551/80000
  Processing sample 14601/80000
  Processing sample 14651/80000
  Processing sample 14701/80000
  Processing sample 14751/80000
  Processing sample 14801/80000
  Processing sample 14851/80000
  Processing sample 14901/80000
  Processing sample 14951/80000
  Processing sample 15001/80000
  Processing sample 15051/80000
  Processing sample 15101/80000
  Processing sample 15151/80000
  Processing sample 15201/80000
  Processing sample 15251/80000
  Processing sample 15301/80000
  Processing sample 15351/80000
  Processing sample 15401/80000
  Processing sample 15451/80000
  Processing sample 15501/80000
  Processing sample 15551/80000
  Processing sample 15601/80000
  Processing sample 15651/80000
  Processing sample 15701/80000
  Processing sample 15751/80000
  Processing sample 15801/80000
  Processing sample 15851/80000
  Processing sample 15901/80000
  Processing sample 15951/80000
  Processing sample 16001/80000
  Processing sample 16051/80000
  Processing sample 16101/80000
  Processing sample 16151/80000
  Processing sample 16201/80000
  Processing sample 16251/80000
  Processing sample 16301/80000
  Processing sample 16351/80000
  Processing sample 16401/80000
  Processing sample 16451/80000
  Processing sample 16501/80000
  Processing sample 16551/80000
  Processing sample 16601/80000
  Processing sample 16651/80000
  Processing sample 16701/80000
  Processing sample 16751/80000
  Processing sample 16801/80000
  Processing sample 16851/80000
  Processing sample 16901/80000
  Processing sample 16951/80000
  Processing sample 17001/80000
  Processing sample 17051/80000
  Processing sample 17101/80000
  Processing sample 17151/80000
  Processing sample 17201/80000
  Processing sample 17251/80000
  Processing sample 17301/80000
  Processing sample 17351/80000
  Processing sample 17401/80000
  Processing sample 17451/80000
  Processing sample 17501/80000
  Processing sample 17551/80000
  Processing sample 17601/80000
  Processing sample 17651/80000
  Processing sample 17701/80000
  Processing sample 17751/80000
  Processing sample 17801/80000
  Processing sample 17851/80000
  Processing sample 17901/80000
  Processing sample 17951/80000
  Processing sample 18001/80000
  Processing sample 18051/80000
  Processing sample 18101/80000
  Processing sample 18151/80000
  Processing sample 18201/80000
  Processing sample 18251/80000
  Processing sample 18301/80000
  Processing sample 18351/80000
  Processing sample 18401/80000
  Processing sample 18451/80000
  Processing sample 18501/80000
  Processing sample 18551/80000
  Processing sample 18601/80000
  Processing sample 18651/80000
  Processing sample 18701/80000
  Processing sample 18751/80000
  Processing sample 18801/80000
  Processing sample 18851/80000
  Processing sample 18901/80000
  Processing sample 18951/80000
  Processing sample 19001/80000
  Processing sample 19051/80000
  Processing sample 19101/80000
  Processing sample 19151/80000
  Processing sample 19201/80000
  Processing sample 19251/80000
  Processing sample 19301/80000
  Processing sample 19351/80000
  Processing sample 19401/80000
  Processing sample 19451/80000
  Processing sample 19501/80000
  Processing sample 19551/80000
  Processing sample 19601/80000
  Processing sample 19651/80000
  Processing sample 19701/80000
  Processing sample 19751/80000
  Processing sample 19801/80000
  Processing sample 19851/80000
  Processing sample 19901/80000
  Processing sample 19951/80000
  Processing sample 20001/80000
  Processing sample 20051/80000
  Processing sample 20101/80000
  Processing sample 20151/80000
  Processing sample 20201/80000
  Processing sample 20251/80000
  Processing sample 20301/80000
  Processing sample 20351/80000
  Processing sample 20401/80000
  Processing sample 20451/80000
  Processing sample 20501/80000
  Processing sample 20551/80000
  Processing sample 20601/80000
  Processing sample 20651/80000
  Processing sample 20701/80000
  Processing sample 20751/80000
  Processing sample 20801/80000
  Processing sample 20851/80000
  Processing sample 20901/80000
  Processing sample 20951/80000
  Processing sample 21001/80000
  Processing sample 21051/80000
  Processing sample 21101/80000
  Processing sample 21151/80000
  Processing sample 21201/80000
  Processing sample 21251/80000
  Processing sample 21301/80000
  Processing sample 21351/80000
  Processing sample 21401/80000
  Processing sample 21451/80000
  Processing sample 21501/80000
  Processing sample 21551/80000
  Processing sample 21601/80000
  Processing sample 21651/80000
  Processing sample 21701/80000
  Processing sample 21751/80000
  Processing sample 21801/80000
  Processing sample 21851/80000
  Processing sample 21901/80000
  Processing sample 21951/80000
  Processing sample 22001/80000
  Processing sample 22051/80000
  Processing sample 22101/80000
  Processing sample 22151/80000
  Processing sample 22201/80000
  Processing sample 22251/80000
  Processing sample 22301/80000
  Processing sample 22351/80000
  Processing sample 22401/80000
  Processing sample 22451/80000
  Processing sample 22501/80000
  Processing sample 22551/80000
  Processing sample 22601/80000
  Processing sample 22651/80000
  Processing sample 22701/80000
  Processing sample 22751/80000
  Processing sample 22801/80000
  Processing sample 22851/80000
  Processing sample 22901/80000
  Processing sample 22951/80000
  Processing sample 23001/80000
  Processing sample 23051/80000
  Processing sample 23101/80000
  Processing sample 23151/80000
  Processing sample 23201/80000
  Processing sample 23251/80000
  Processing sample 23301/80000
  Processing sample 23351/80000
  Processing sample 23401/80000
  Processing sample 23451/80000
  Processing sample 23501/80000
  Processing sample 23551/80000
  Processing sample 23601/80000
  Processing sample 23651/80000
  Processing sample 23701/80000
  Processing sample 23751/80000
  Processing sample 23801/80000
  Processing sample 23851/80000
  Processing sample 23901/80000
  Processing sample 23951/80000
  Processing sample 24001/80000
  Processing sample 24051/80000
  Processing sample 24101/80000
  Processing sample 24151/80000
  Processing sample 24201/80000
  Processing sample 24251/80000
  Processing sample 24301/80000
  Processing sample 24351/80000
  Processing sample 24401/80000
  Processing sample 24451/80000
  Processing sample 24501/80000
  Processing sample 24551/80000
  Processing sample 24601/80000
  Processing sample 24651/80000
  Processing sample 24701/80000
  Processing sample 24751/80000
  Processing sample 24801/80000
  Processing sample 24851/80000
  Processing sample 24901/80000
  Processing sample 24951/80000
  Processing sample 25001/80000
  Processing sample 25051/80000
  Processing sample 25101/80000
  Processing sample 25151/80000
  Processing sample 25201/80000
  Processing sample 25251/80000
  Processing sample 25301/80000
  Processing sample 25351/80000
  Processing sample 25401/80000
  Processing sample 25451/80000
  Processing sample 25501/80000
  Processing sample 25551/80000
  Processing sample 25601/80000
  Processing sample 25651/80000
  Processing sample 25701/80000
  Processing sample 25751/80000
  Processing sample 25801/80000
  Processing sample 25851/80000
  Processing sample 25901/80000
  Processing sample 25951/80000
  Processing sample 26001/80000
  Processing sample 26051/80000
  Processing sample 26101/80000
  Processing sample 26151/80000
  Processing sample 26201/80000
  Processing sample 26251/80000
  Processing sample 26301/80000
  Processing sample 26351/80000
  Processing sample 26401/80000
  Processing sample 26451/80000
  Processing sample 26501/80000
  Processing sample 26551/80000
  Processing sample 26601/80000
  Processing sample 26651/80000
  Processing sample 26701/80000
  Processing sample 26751/80000
  Processing sample 26801/80000
  Processing sample 26851/80000
  Processing sample 26901/80000
  Processing sample 26951/80000
  Processing sample 27001/80000
  Processing sample 27051/80000
  Processing sample 27101/80000
  Processing sample 27151/80000
  Processing sample 27201/80000
  Processing sample 27251/80000
  Processing sample 27301/80000
  Processing sample 27351/80000
  Processing sample 27401/80000
  Processing sample 27451/80000
  Processing sample 27501/80000
  Processing sample 27551/80000
  Processing sample 27601/80000
  Processing sample 27651/80000
  Processing sample 27701/80000
  Processing sample 27751/80000
  Processing sample 27801/80000
  Processing sample 27851/80000
  Processing sample 27901/80000
  Processing sample 27951/80000
  Processing sample 28001/80000
  Processing sample 28051/80000
  Processing sample 28101/80000
  Processing sample 28151/80000
  Processing sample 28201/80000
  Processing sample 28251/80000
  Processing sample 28301/80000
  Processing sample 28351/80000
  Processing sample 28401/80000
  Processing sample 28451/80000
  Processing sample 28501/80000
  Processing sample 28551/80000
  Processing sample 28601/80000
  Processing sample 28651/80000
  Processing sample 28701/80000
  Processing sample 28751/80000
  Processing sample 28801/80000
  Processing sample 28851/80000
  Processing sample 28901/80000
  Processing sample 28951/80000
  Processing sample 29001/80000
  Processing sample 29051/80000
  Processing sample 29101/80000
  Processing sample 29151/80000
  Processing sample 29201/80000
  Processing sample 29251/80000
  Processing sample 29301/80000
  Processing sample 29351/80000
  Processing sample 29401/80000
  Processing sample 29451/80000
  Processing sample 29501/80000
  Processing sample 29551/80000
  Processing sample 29601/80000
  Processing sample 29651/80000
  Processing sample 29701/80000
  Processing sample 29751/80000
  Processing sample 29801/80000
  Processing sample 29851/80000
  Processing sample 29901/80000
  Processing sample 29951/80000
  Processing sample 30001/80000
  Processing sample 30051/80000
  Processing sample 30101/80000
  Processing sample 30151/80000
  Processing sample 30201/80000
  Processing sample 30251/80000
  Processing sample 30301/80000
  Processing sample 30351/80000
  Processing sample 30401/80000
  Processing sample 30451/80000
  Processing sample 30501/80000
  Processing sample 30551/80000
  Processing sample 30601/80000
  Processing sample 30651/80000
  Processing sample 30701/80000
  Processing sample 30751/80000
  Processing sample 30801/80000
  Processing sample 30851/80000
  Processing sample 30901/80000
  Processing sample 30951/80000
  Processing sample 31001/80000
  Processing sample 31051/80000
  Processing sample 31101/80000
  Processing sample 31151/80000
  Processing sample 31201/80000
  Processing sample 31251/80000
  Processing sample 31301/80000
  Processing sample 31351/80000
  Processing sample 31401/80000
  Processing sample 31451/80000
  Processing sample 31501/80000
  Processing sample 31551/80000
  Processing sample 31601/80000
  Processing sample 31651/80000
  Processing sample 31701/80000
  Processing sample 31751/80000
  Processing sample 31801/80000
  Processing sample 31851/80000
  Processing sample 31901/80000
  Processing sample 31951/80000
  Processing sample 32001/80000
  Processing sample 32051/80000
  Processing sample 32101/80000
  Processing sample 32151/80000
  Processing sample 32201/80000
  Processing sample 32251/80000
  Processing sample 32301/80000
  Processing sample 32351/80000
  Processing sample 32401/80000
  Processing sample 32451/80000
  Processing sample 32501/80000
  Processing sample 32551/80000
  Processing sample 32601/80000
  Processing sample 32651/80000
  Processing sample 32701/80000
  Processing sample 32751/80000
  Processing sample 32801/80000
  Processing sample 32851/80000
  Processing sample 32901/80000
  Processing sample 32951/80000
  Processing sample 33001/80000
  Processing sample 33051/80000
  Processing sample 33101/80000
  Processing sample 33151/80000
  Processing sample 33201/80000
  Processing sample 33251/80000
  Processing sample 33301/80000
  Processing sample 33351/80000
  Processing sample 33401/80000
  Processing sample 33451/80000
  Processing sample 33501/80000
  Processing sample 33551/80000
  Processing sample 33601/80000
  Processing sample 33651/80000
  Processing sample 33701/80000
  Processing sample 33751/80000
  Processing sample 33801/80000
  Processing sample 33851/80000
  Processing sample 33901/80000
  Processing sample 33951/80000
  Processing sample 34001/80000
  Processing sample 34051/80000
  Processing sample 34101/80000
  Processing sample 34151/80000
  Processing sample 34201/80000
  Processing sample 34251/80000
  Processing sample 34301/80000
  Processing sample 34351/80000
  Processing sample 34401/80000
  Processing sample 34451/80000
  Processing sample 34501/80000
  Processing sample 34551/80000
  Processing sample 34601/80000
  Processing sample 34651/80000
  Processing sample 34701/80000
  Processing sample 34751/80000
  Processing sample 34801/80000
  Processing sample 34851/80000
  Processing sample 34901/80000
  Processing sample 34951/80000
  Processing sample 35001/80000
  Processing sample 35051/80000
  Processing sample 35101/80000
  Processing sample 35151/80000
  Processing sample 35201/80000
  Processing sample 35251/80000
  Processing sample 35301/80000
  Processing sample 35351/80000
  Processing sample 35401/80000
  Processing sample 35451/80000
  Processing sample 35501/80000
  Processing sample 35551/80000
  Processing sample 35601/80000
  Processing sample 35651/80000
  Processing sample 35701/80000
  Processing sample 35751/80000
  Processing sample 35801/80000
  Processing sample 35851/80000
  Processing sample 35901/80000
  Processing sample 35951/80000
  Processing sample 36001/80000
  Processing sample 36051/80000
  Processing sample 36101/80000
  Processing sample 36151/80000
  Processing sample 36201/80000
  Processing sample 36251/80000
  Processing sample 36301/80000
  Processing sample 36351/80000
  Processing sample 36401/80000
  Processing sample 36451/80000
  Processing sample 36501/80000
  Processing sample 36551/80000
  Processing sample 36601/80000
  Processing sample 36651/80000
  Processing sample 36701/80000
  Processing sample 36751/80000
  Processing sample 36801/80000
  Processing sample 36851/80000
  Processing sample 36901/80000
  Processing sample 36951/80000
  Processing sample 37001/80000
  Processing sample 37051/80000
  Processing sample 37101/80000
  Processing sample 37151/80000
  Processing sample 37201/80000
  Processing sample 37251/80000
  Processing sample 37301/80000
  Processing sample 37351/80000
  Processing sample 37401/80000
  Processing sample 37451/80000
  Processing sample 37501/80000
  Processing sample 37551/80000
  Processing sample 37601/80000
  Processing sample 37651/80000
  Processing sample 37701/80000
  Processing sample 37751/80000
  Processing sample 37801/80000
  Processing sample 37851/80000
  Processing sample 37901/80000
  Processing sample 37951/80000
  Processing sample 38001/80000
  Processing sample 38051/80000
  Processing sample 38101/80000
  Processing sample 38151/80000
  Processing sample 38201/80000
  Processing sample 38251/80000
  Processing sample 38301/80000
  Processing sample 38351/80000
  Processing sample 38401/80000
  Processing sample 38451/80000
  Processing sample 38501/80000
  Processing sample 38551/80000
  Processing sample 38601/80000
  Processing sample 38651/80000
  Processing sample 38701/80000
  Processing sample 38751/80000
  Processing sample 38801/80000
  Processing sample 38851/80000
  Processing sample 38901/80000
  Processing sample 38951/80000
  Processing sample 39001/80000
  Processing sample 39051/80000
  Processing sample 39101/80000
  Processing sample 39151/80000
  Processing sample 39201/80000
  Processing sample 39251/80000
  Processing sample 39301/80000
  Processing sample 39351/80000
  Processing sample 39401/80000
  Processing sample 39451/80000
  Processing sample 39501/80000
  Processing sample 39551/80000
  Processing sample 39601/80000
  Processing sample 39651/80000
  Processing sample 39701/80000
  Processing sample 39751/80000
  Processing sample 39801/80000
  Processing sample 39851/80000
  Processing sample 39901/80000
  Processing sample 39951/80000
  Processing sample 40001/80000
  Processing sample 40051/80000
  Processing sample 40101/80000
  Processing sample 40151/80000
  Processing sample 40201/80000
  Processing sample 40251/80000
  Processing sample 40301/80000
  Processing sample 40351/80000
  Processing sample 40401/80000
  Processing sample 40451/80000
  Processing sample 40501/80000
  Processing sample 40551/80000
  Processing sample 40601/80000
  Processing sample 40651/80000
  Processing sample 40701/80000
  Processing sample 40751/80000
  Processing sample 40801/80000
  Processing sample 40851/80000
  Processing sample 40901/80000
  Processing sample 40951/80000
  Processing sample 41001/80000
  Processing sample 41051/80000
  Processing sample 41101/80000
  Processing sample 41151/80000
  Processing sample 41201/80000
  Processing sample 41251/80000
  Processing sample 41301/80000
  Processing sample 41351/80000
  Processing sample 41401/80000
  Processing sample 41451/80000
  Processing sample 41501/80000
  Processing sample 41551/80000
  Processing sample 41601/80000
  Processing sample 41651/80000
  Processing sample 41701/80000
  Processing sample 41751/80000
  Processing sample 41801/80000
  Processing sample 41851/80000
  Processing sample 41901/80000
  Processing sample 41951/80000
  Processing sample 42001/80000
  Processing sample 42051/80000
  Processing sample 42101/80000
  Processing sample 42151/80000
  Processing sample 42201/80000
  Processing sample 42251/80000
  Processing sample 42301/80000
  Processing sample 42351/80000
  Processing sample 42401/80000
  Processing sample 42451/80000
  Processing sample 42501/80000
  Processing sample 42551/80000
  Processing sample 42601/80000
  Processing sample 42651/80000
  Processing sample 42701/80000
  Processing sample 42751/80000
  Processing sample 42801/80000
  Processing sample 42851/80000
  Processing sample 42901/80000
  Processing sample 42951/80000
  Processing sample 43001/80000
  Processing sample 43051/80000
  Processing sample 43101/80000
  Processing sample 43151/80000
  Processing sample 43201/80000
  Processing sample 43251/80000
  Processing sample 43301/80000
  Processing sample 43351/80000
  Processing sample 43401/80000
  Processing sample 43451/80000
  Processing sample 43501/80000
  Processing sample 43551/80000
  Processing sample 43601/80000
  Processing sample 43651/80000
  Processing sample 43701/80000
  Processing sample 43751/80000
  Processing sample 43801/80000
  Processing sample 43851/80000
  Processing sample 43901/80000
  Processing sample 43951/80000
  Processing sample 44001/80000
  Processing sample 44051/80000
  Processing sample 44101/80000
  Processing sample 44151/80000
  Processing sample 44201/80000
  Processing sample 44251/80000
  Processing sample 44301/80000
  Processing sample 44351/80000
  Processing sample 44401/80000
  Processing sample 44451/80000
  Processing sample 44501/80000
  Processing sample 44551/80000
  Processing sample 44601/80000
  Processing sample 44651/80000
  Processing sample 44701/80000
  Processing sample 44751/80000
  Processing sample 44801/80000
  Processing sample 44851/80000
  Processing sample 44901/80000
  Processing sample 44951/80000
  Processing sample 45001/80000
  Processing sample 45051/80000
  Processing sample 45101/80000
  Processing sample 45151/80000
  Processing sample 45201/80000
  Processing sample 45251/80000
  Processing sample 45301/80000
  Processing sample 45351/80000
  Processing sample 45401/80000
  Processing sample 45451/80000
  Processing sample 45501/80000
  Processing sample 45551/80000
  Processing sample 45601/80000
  Processing sample 45651/80000
  Processing sample 45701/80000
  Processing sample 45751/80000
  Processing sample 45801/80000
  Processing sample 45851/80000
  Processing sample 45901/80000
  Processing sample 45951/80000
  Processing sample 46001/80000
  Processing sample 46051/80000
  Processing sample 46101/80000
  Processing sample 46151/80000
  Processing sample 46201/80000
  Processing sample 46251/80000
  Processing sample 46301/80000
  Processing sample 46351/80000
  Processing sample 46401/80000
  Processing sample 46451/80000
  Processing sample 46501/80000
  Processing sample 46551/80000
  Processing sample 46601/80000
  Processing sample 46651/80000
  Processing sample 46701/80000
  Processing sample 46751/80000
  Processing sample 46801/80000
  Processing sample 46851/80000
  Processing sample 46901/80000
  Processing sample 46951/80000
  Processing sample 47001/80000
  Processing sample 47051/80000
  Processing sample 47101/80000
  Processing sample 47151/80000
  Processing sample 47201/80000
  Processing sample 47251/80000
  Processing sample 47301/80000
  Processing sample 47351/80000
  Processing sample 47401/80000
  Processing sample 47451/80000
  Processing sample 47501/80000
  Processing sample 47551/80000
  Processing sample 47601/80000
  Processing sample 47651/80000
  Processing sample 47701/80000
  Processing sample 47751/80000
  Processing sample 47801/80000
  Processing sample 47851/80000
  Processing sample 47901/80000
  Processing sample 47951/80000
  Processing sample 48001/80000
  Processing sample 48051/80000
  Processing sample 48101/80000
  Processing sample 48151/80000
  Processing sample 48201/80000
  Processing sample 48251/80000
  Processing sample 48301/80000
  Processing sample 48351/80000
  Processing sample 48401/80000
  Processing sample 48451/80000
  Processing sample 48501/80000
  Processing sample 48551/80000
  Processing sample 48601/80000
  Processing sample 48651/80000
  Processing sample 48701/80000
  Processing sample 48751/80000
  Processing sample 48801/80000
  Processing sample 48851/80000
  Processing sample 48901/80000
  Processing sample 48951/80000
  Processing sample 49001/80000
  Processing sample 49051/80000
  Processing sample 49101/80000
  Processing sample 49151/80000
  Processing sample 49201/80000
  Processing sample 49251/80000
  Processing sample 49301/80000
  Processing sample 49351/80000
  Processing sample 49401/80000
  Processing sample 49451/80000
  Processing sample 49501/80000
  Processing sample 49551/80000
  Processing sample 49601/80000
  Processing sample 49651/80000
  Processing sample 49701/80000
  Processing sample 49751/80000
  Processing sample 49801/80000
  Processing sample 49851/80000
  Processing sample 49901/80000
  Processing sample 49951/80000
  Processing sample 50001/80000
  Processing sample 50051/80000
  Processing sample 50101/80000
  Processing sample 50151/80000
  Processing sample 50201/80000
  Processing sample 50251/80000
  Processing sample 50301/80000
  Processing sample 50351/80000
  Processing sample 50401/80000
  Processing sample 50451/80000
  Processing sample 50501/80000
  Processing sample 50551/80000
  Processing sample 50601/80000
  Processing sample 50651/80000
  Processing sample 50701/80000
  Processing sample 50751/80000
  Processing sample 50801/80000
  Processing sample 50851/80000
  Processing sample 50901/80000
  Processing sample 50951/80000
  Processing sample 51001/80000
  Processing sample 51051/80000
  Processing sample 51101/80000
  Processing sample 51151/80000
  Processing sample 51201/80000
  Processing sample 51251/80000
  Processing sample 51301/80000
  Processing sample 51351/80000
  Processing sample 51401/80000
  Processing sample 51451/80000
  Processing sample 51501/80000
  Processing sample 51551/80000
  Processing sample 51601/80000
  Processing sample 51651/80000
  Processing sample 51701/80000
  Processing sample 51751/80000
  Processing sample 51801/80000
  Processing sample 51851/80000
  Processing sample 51901/80000
  Processing sample 51951/80000
  Processing sample 52001/80000
  Processing sample 52051/80000
  Processing sample 52101/80000
  Processing sample 52151/80000
  Processing sample 52201/80000
  Processing sample 52251/80000
  Processing sample 52301/80000
  Processing sample 52351/80000
  Processing sample 52401/80000
  Processing sample 52451/80000
  Processing sample 52501/80000
  Processing sample 52551/80000
  Processing sample 52601/80000
  Processing sample 52651/80000
  Processing sample 52701/80000
  Processing sample 52751/80000
  Processing sample 52801/80000
  Processing sample 52851/80000
  Processing sample 52901/80000
  Processing sample 52951/80000
  Processing sample 53001/80000
  Processing sample 53051/80000
  Processing sample 53101/80000
  Processing sample 53151/80000
  Processing sample 53201/80000
  Processing sample 53251/80000
  Processing sample 53301/80000
  Processing sample 53351/80000
  Processing sample 53401/80000
  Processing sample 53451/80000
  Processing sample 53501/80000
  Processing sample 53551/80000
  Processing sample 53601/80000
  Processing sample 53651/80000
  Processing sample 53701/80000
  Processing sample 53751/80000
  Processing sample 53801/80000
  Processing sample 53851/80000
  Processing sample 53901/80000
  Processing sample 53951/80000
  Processing sample 54001/80000
  Processing sample 54051/80000
  Processing sample 54101/80000
  Processing sample 54151/80000
  Processing sample 54201/80000
  Processing sample 54251/80000
  Processing sample 54301/80000
  Processing sample 54351/80000
  Processing sample 54401/80000
  Processing sample 54451/80000
  Processing sample 54501/80000
  Processing sample 54551/80000
  Processing sample 54601/80000
  Processing sample 54651/80000
  Processing sample 54701/80000
  Processing sample 54751/80000
  Processing sample 54801/80000
  Processing sample 54851/80000
  Processing sample 54901/80000
  Processing sample 54951/80000
  Processing sample 55001/80000
  Processing sample 55051/80000
  Processing sample 55101/80000
  Processing sample 55151/80000
  Processing sample 55201/80000
  Processing sample 55251/80000
  Processing sample 55301/80000
  Processing sample 55351/80000
  Processing sample 55401/80000
  Processing sample 55451/80000
  Processing sample 55501/80000
  Processing sample 55551/80000
  Processing sample 55601/80000
  Processing sample 55651/80000
  Processing sample 55701/80000
  Processing sample 55751/80000
  Processing sample 55801/80000
  Processing sample 55851/80000
  Processing sample 55901/80000
  Processing sample 55951/80000
  Processing sample 56001/80000
  Processing sample 56051/80000
  Processing sample 56101/80000
  Processing sample 56151/80000
  Processing sample 56201/80000
  Processing sample 56251/80000
  Processing sample 56301/80000
  Processing sample 56351/80000
  Processing sample 56401/80000
  Processing sample 56451/80000
  Processing sample 56501/80000
  Processing sample 56551/80000
  Processing sample 56601/80000
  Processing sample 56651/80000
  Processing sample 56701/80000
  Processing sample 56751/80000
  Processing sample 56801/80000
  Processing sample 56851/80000
  Processing sample 56901/80000
  Processing sample 56951/80000
  Processing sample 57001/80000
  Processing sample 57051/80000
  Processing sample 57101/80000
  Processing sample 57151/80000
  Processing sample 57201/80000
  Processing sample 57251/80000
  Processing sample 57301/80000
  Processing sample 57351/80000
  Processing sample 57401/80000
  Processing sample 57451/80000
  Processing sample 57501/80000
  Processing sample 57551/80000
  Processing sample 57601/80000
  Processing sample 57651/80000
  Processing sample 57701/80000
  Processing sample 57751/80000
  Processing sample 57801/80000
  Processing sample 57851/80000
  Processing sample 57901/80000
  Processing sample 57951/80000
  Processing sample 58001/80000
  Processing sample 58051/80000
  Processing sample 58101/80000
  Processing sample 58151/80000
  Processing sample 58201/80000
  Processing sample 58251/80000
  Processing sample 58301/80000
  Processing sample 58351/80000
  Processing sample 58401/80000
  Processing sample 58451/80000
  Processing sample 58501/80000
  Processing sample 58551/80000
  Processing sample 58601/80000
  Processing sample 58651/80000
  Processing sample 58701/80000
  Processing sample 58751/80000
  Processing sample 58801/80000
  Processing sample 58851/80000
  Processing sample 58901/80000
  Processing sample 58951/80000
  Processing sample 59001/80000
  Processing sample 59051/80000
  Processing sample 59101/80000
  Processing sample 59151/80000
  Processing sample 59201/80000
  Processing sample 59251/80000
  Processing sample 59301/80000
  Processing sample 59351/80000
  Processing sample 59401/80000
  Processing sample 59451/80000
  Processing sample 59501/80000
  Processing sample 59551/80000
  Processing sample 59601/80000
  Processing sample 59651/80000
  Processing sample 59701/80000
  Processing sample 59751/80000
  Processing sample 59801/80000
  Processing sample 59851/80000
  Processing sample 59901/80000
  Processing sample 59951/80000
  Processing sample 60001/80000
  Processing sample 60051/80000
  Processing sample 60101/80000
  Processing sample 60151/80000
  Processing sample 60201/80000
  Processing sample 60251/80000
  Processing sample 60301/80000
  Processing sample 60351/80000
  Processing sample 60401/80000
  Processing sample 60451/80000
  Processing sample 60501/80000
  Processing sample 60551/80000
  Processing sample 60601/80000
  Processing sample 60651/80000
  Processing sample 60701/80000
  Processing sample 60751/80000
  Processing sample 60801/80000
  Processing sample 60851/80000
  Processing sample 60901/80000
  Processing sample 60951/80000
  Processing sample 61001/80000
  Processing sample 61051/80000
  Processing sample 61101/80000
  Processing sample 61151/80000
  Processing sample 61201/80000
  Processing sample 61251/80000
  Processing sample 61301/80000
  Processing sample 61351/80000
  Processing sample 61401/80000
  Processing sample 61451/80000
  Processing sample 61501/80000
  Processing sample 61551/80000
  Processing sample 61601/80000
  Processing sample 61651/80000
  Processing sample 61701/80000
  Processing sample 61751/80000
  Processing sample 61801/80000
  Processing sample 61851/80000
  Processing sample 61901/80000
  Processing sample 61951/80000
  Processing sample 62001/80000
  Processing sample 62051/80000
  Processing sample 62101/80000
  Processing sample 62151/80000
  Processing sample 62201/80000
  Processing sample 62251/80000
  Processing sample 62301/80000
  Processing sample 62351/80000
  Processing sample 62401/80000
  Processing sample 62451/80000
  Processing sample 62501/80000
  Processing sample 62551/80000
  Processing sample 62601/80000
  Processing sample 62651/80000
  Processing sample 62701/80000
  Processing sample 62751/80000
  Processing sample 62801/80000
  Processing sample 62851/80000
  Processing sample 62901/80000
  Processing sample 62951/80000
  Processing sample 63001/80000
  Processing sample 63051/80000
  Processing sample 63101/80000
  Processing sample 63151/80000
  Processing sample 63201/80000
  Processing sample 63251/80000
  Processing sample 63301/80000
  Processing sample 63351/80000
  Processing sample 63401/80000
  Processing sample 63451/80000
  Processing sample 63501/80000
  Processing sample 63551/80000
  Processing sample 63601/80000
  Processing sample 63651/80000
  Processing sample 63701/80000
  Processing sample 63751/80000
  Processing sample 63801/80000
  Processing sample 63851/80000
  Processing sample 63901/80000
  Processing sample 63951/80000
  Processing sample 64001/80000
  Processing sample 64051/80000
  Processing sample 64101/80000
  Processing sample 64151/80000
  Processing sample 64201/80000
  Processing sample 64251/80000
  Processing sample 64301/80000
  Processing sample 64351/80000
  Processing sample 64401/80000
  Processing sample 64451/80000
  Processing sample 64501/80000
  Processing sample 64551/80000
  Processing sample 64601/80000
  Processing sample 64651/80000
  Processing sample 64701/80000
  Processing sample 64751/80000
  Processing sample 64801/80000
  Processing sample 64851/80000
  Processing sample 64901/80000
  Processing sample 64951/80000
  Processing sample 65001/80000
  Processing sample 65051/80000
  Processing sample 65101/80000
  Processing sample 65151/80000
  Processing sample 65201/80000
  Processing sample 65251/80000
  Processing sample 65301/80000
  Processing sample 65351/80000
  Processing sample 65401/80000
  Processing sample 65451/80000
  Processing sample 65501/80000
  Processing sample 65551/80000
  Processing sample 65601/80000
  Processing sample 65651/80000
  Processing sample 65701/80000
  Processing sample 65751/80000
  Processing sample 65801/80000
  Processing sample 65851/80000
  Processing sample 65901/80000
  Processing sample 65951/80000
  Processing sample 66001/80000
  Processing sample 66051/80000
  Processing sample 66101/80000
  Processing sample 66151/80000
  Processing sample 66201/80000
  Processing sample 66251/80000
  Processing sample 66301/80000
  Processing sample 66351/80000
  Processing sample 66401/80000
  Processing sample 66451/80000
  Processing sample 66501/80000
  Processing sample 66551/80000
  Processing sample 66601/80000
  Processing sample 66651/80000
  Processing sample 66701/80000
  Processing sample 66751/80000
  Processing sample 66801/80000
  Processing sample 66851/80000
  Processing sample 66901/80000
  Processing sample 66951/80000
  Processing sample 67001/80000
  Processing sample 67051/80000
  Processing sample 67101/80000
  Processing sample 67151/80000
  Processing sample 67201/80000
  Processing sample 67251/80000
  Processing sample 67301/80000
  Processing sample 67351/80000
  Processing sample 67401/80000
  Processing sample 67451/80000
  Processing sample 67501/80000
  Processing sample 67551/80000
  Processing sample 67601/80000
  Processing sample 67651/80000
  Processing sample 67701/80000
  Processing sample 67751/80000
  Processing sample 67801/80000
  Processing sample 67851/80000
  Processing sample 67901/80000
  Processing sample 67951/80000
  Processing sample 68001/80000
  Processing sample 68051/80000
  Processing sample 68101/80000
  Processing sample 68151/80000
  Processing sample 68201/80000
  Processing sample 68251/80000
  Processing sample 68301/80000
  Processing sample 68351/80000
  Processing sample 68401/80000
  Processing sample 68451/80000
  Processing sample 68501/80000
  Processing sample 68551/80000
  Processing sample 68601/80000
  Processing sample 68651/80000
  Processing sample 68701/80000
  Processing sample 68751/80000
  Processing sample 68801/80000
  Processing sample 68851/80000
  Processing sample 68901/80000
  Processing sample 68951/80000
  Processing sample 69001/80000
  Processing sample 69051/80000
  Processing sample 69101/80000
  Processing sample 69151/80000
  Processing sample 69201/80000
  Processing sample 69251/80000
  Processing sample 69301/80000
  Processing sample 69351/80000
  Processing sample 69401/80000
  Processing sample 69451/80000
  Processing sample 69501/80000
  Processing sample 69551/80000
  Processing sample 69601/80000
  Processing sample 69651/80000
  Processing sample 69701/80000
  Processing sample 69751/80000
  Processing sample 69801/80000
  Processing sample 69851/80000
  Processing sample 69901/80000
  Processing sample 69951/80000
  Processing sample 70001/80000
  Processing sample 70051/80000
  Processing sample 70101/80000
  Processing sample 70151/80000
  Processing sample 70201/80000
  Processing sample 70251/80000
  Processing sample 70301/80000
  Processing sample 70351/80000
  Processing sample 70401/80000
  Processing sample 70451/80000
  Processing sample 70501/80000
  Processing sample 70551/80000
  Processing sample 70601/80000
  Processing sample 70651/80000
  Processing sample 70701/80000
  Processing sample 70751/80000
  Processing sample 70801/80000
  Processing sample 70851/80000
  Processing sample 70901/80000
  Processing sample 70951/80000
  Processing sample 71001/80000
  Processing sample 71051/80000
  Processing sample 71101/80000
  Processing sample 71151/80000
  Processing sample 71201/80000
  Processing sample 71251/80000
  Processing sample 71301/80000
  Processing sample 71351/80000
  Processing sample 71401/80000
  Processing sample 71451/80000
  Processing sample 71501/80000
  Processing sample 71551/80000
  Processing sample 71601/80000
  Processing sample 71651/80000
  Processing sample 71701/80000
  Processing sample 71751/80000
  Processing sample 71801/80000
  Processing sample 71851/80000
  Processing sample 71901/80000
  Processing sample 71951/80000
  Processing sample 72001/80000
  Processing sample 72051/80000
  Processing sample 72101/80000
  Processing sample 72151/80000
  Processing sample 72201/80000
  Processing sample 72251/80000
  Processing sample 72301/80000
  Processing sample 72351/80000
  Processing sample 72401/80000
  Processing sample 72451/80000
  Processing sample 72501/80000
  Processing sample 72551/80000
  Processing sample 72601/80000
  Processing sample 72651/80000
  Processing sample 72701/80000
  Processing sample 72751/80000
  Processing sample 72801/80000
  Processing sample 72851/80000
  Processing sample 72901/80000
  Processing sample 72951/80000
  Processing sample 73001/80000
  Processing sample 73051/80000
  Processing sample 73101/80000
  Processing sample 73151/80000
  Processing sample 73201/80000
  Processing sample 73251/80000
  Processing sample 73301/80000
  Processing sample 73351/80000
  Processing sample 73401/80000
  Processing sample 73451/80000
  Processing sample 73501/80000
  Processing sample 73551/80000
  Processing sample 73601/80000
  Processing sample 73651/80000
  Processing sample 73701/80000
  Processing sample 73751/80000
  Processing sample 73801/80000
  Processing sample 73851/80000
  Processing sample 73901/80000
  Processing sample 73951/80000
  Processing sample 74001/80000
  Processing sample 74051/80000
  Processing sample 74101/80000
  Processing sample 74151/80000
  Processing sample 74201/80000
  Processing sample 74251/80000
  Processing sample 74301/80000
  Processing sample 74351/80000
  Processing sample 74401/80000
  Processing sample 74451/80000
  Processing sample 74501/80000
  Processing sample 74551/80000
  Processing sample 74601/80000
  Processing sample 74651/80000
  Processing sample 74701/80000
  Processing sample 74751/80000
  Processing sample 74801/80000
  Processing sample 74851/80000
  Processing sample 74901/80000
  Processing sample 74951/80000
  Processing sample 75001/80000
  Processing sample 75051/80000
  Processing sample 75101/80000
  Processing sample 75151/80000
  Processing sample 75201/80000
  Processing sample 75251/80000
  Processing sample 75301/80000
  Processing sample 75351/80000
  Processing sample 75401/80000
  Processing sample 75451/80000
  Processing sample 75501/80000
  Processing sample 75551/80000
  Processing sample 75601/80000
  Processing sample 75651/80000
  Processing sample 75701/80000
  Processing sample 75751/80000
  Processing sample 75801/80000
  Processing sample 75851/80000
  Processing sample 75901/80000
  Processing sample 75951/80000
  Processing sample 76001/80000
  Processing sample 76051/80000
  Processing sample 76101/80000
  Processing sample 76151/80000
  Processing sample 76201/80000
  Processing sample 76251/80000
  Processing sample 76301/80000
  Processing sample 76351/80000
  Processing sample 76401/80000
  Processing sample 76451/80000
  Processing sample 76501/80000
  Processing sample 76551/80000
  Processing sample 76601/80000
  Processing sample 76651/80000
  Processing sample 76701/80000
  Processing sample 76751/80000
  Processing sample 76801/80000
  Processing sample 76851/80000
  Processing sample 76901/80000
  Processing sample 76951/80000
  Processing sample 77001/80000
  Processing sample 77051/80000
  Processing sample 77101/80000
  Processing sample 77151/80000
  Processing sample 77201/80000
  Processing sample 77251/80000
  Processing sample 77301/80000
  Processing sample 77351/80000
  Processing sample 77401/80000
  Processing sample 77451/80000
  Processing sample 77501/80000
  Processing sample 77551/80000
  Processing sample 77601/80000
  Processing sample 77651/80000
  Processing sample 77701/80000
  Processing sample 77751/80000
  Processing sample 77801/80000
  Processing sample 77851/80000
  Processing sample 77901/80000
  Processing sample 77951/80000
  Processing sample 78001/80000
  Processing sample 78051/80000
  Processing sample 78101/80000
  Processing sample 78151/80000
  Processing sample 78201/80000
  Processing sample 78251/80000
  Processing sample 78301/80000
  Processing sample 78351/80000
  Processing sample 78401/80000
  Processing sample 78451/80000
  Processing sample 78501/80000
  Processing sample 78551/80000
  Processing sample 78601/80000
  Processing sample 78651/80000
  Processing sample 78701/80000
  Processing sample 78751/80000
  Processing sample 78801/80000
  Processing sample 78851/80000
  Processing sample 78901/80000
  Processing sample 78951/80000
  Processing sample 79001/80000
  Processing sample 79051/80000
  Processing sample 79101/80000
  Processing sample 79151/80000
  Processing sample 79201/80000
  Processing sample 79251/80000
  Processing sample 79301/80000
  Processing sample 79351/80000
  Processing sample 79401/80000
  Processing sample 79451/80000
  Processing sample 79501/80000
  Processing sample 79551/80000
  Processing sample 79601/80000
  Processing sample 79651/80000
  Processing sample 79701/80000
  Processing sample 79751/80000
  Processing sample 79801/80000
  Processing sample 79851/80000
  Processing sample 79901/80000
  Processing sample 79951/80000

For z_c = 20.0:
  tau_lowz  = 0.0471 +0.0076 -0.0082 (68% CL)
  tau_lowz  = 0.0471 +0.0158 -0.0173 (95% CL)
  tau_highz 68% CL upper limit: < 0.0382
  tau_highz 95% CL upper limit: < 0.1123

For z_c = 25.0:
  tau_lowz  = 0.0477 +0.0076 -0.0082 (68% CL)
  tau_lowz  = 0.0477 +0.0158 -0.0170 (95% CL)
  tau_highz 68% CL upper limit: < 0.0376
  tau_highz 95% CL upper limit: < 0.1115

For z_c = 30.0:
  tau_lowz  = 0.0480 +0.0078 -0.0082 (68% CL)
  tau_lowz  = 0.0480 +0.0158 -0.0172 (95% CL)
  tau_highz 68% CL upper limit: < 0.0373
  tau_highz 95% CL upper limit: < 0.1112

For z_c = 35.0:
  tau_lowz  = 0.0483 +0.0079 -0.0083 (68% CL)
  tau_lowz  = 0.0483 +0.0161 -0.0174 (95% CL)
  tau_highz 68% CL upper limit: < 0.0370
  tau_highz 95% CL upper limit: < 0.1109

For z_c = 40.0:
  tau_lowz  = 0.0486 +0.0080 -0.0084 (68% CL)
  tau_lowz  = 0.0486 +0.0163 -0.0175 (95% CL)
  tau_highz 68% CL upper limit: < 0.0368
  tau_highz 95% CL upper limit: < 0.1106

For tau_total:
  tau_total = 0.0706 +0.0425 -0.0187 (68% CL)
  tau_total = 0.0706 +0.1187 -0.0307 (95% CL)
Analysis complete. All figures saved.
Figures saved:
1. tau_p_zc.png - Original 1x2 subplot with tau_lowz and tau_highz for all z_c
2. tau_highz_zc30.png - tau_highz for z_c = 30 with thick black line
3. tau_total.png - tau_total distribution in green
